,0,1
0,Alexander (R-TN),Yea
1,Baldwin (D-WI),Yea
2,Barrasso (R-WY),Yea
3,Bennet (D-CO),Yea
4,Blumenthal (D-CT),Yea
5,Blunt (R-MO),Yea
6,Booker (D-NJ),Yea
7,Boozman (R-AR),Yea
8,Brown (D-OH),Yea
9,Burr (R-NC),Yea
10,Cantwell (D-WA),Yea
11,Capito (R-WV),Yea
12,Cardin (D-MD),Yea
13,Carper (D-DE),Yea
14,Casey (D-PA),Yea
15,Cassidy (R-LA),Yea
16,Cochran (R-MS),Yea
17,Collins (R-ME),Yea
18,Coons (D-DE),Yea
19,Corker (R-TN),Yea
20,Cornyn (R-TX),Yea
21,Cortez Masto (D-NV),Yea
22,Cotton (R-AR),Yea
23,Crapo (R-ID),Yea
24,Cruz (R-TX),Yea
25,Daines (R-MT),Yea
26,Donnelly (D-IN),Yea
27,Duckworth (D-IL),Yea
28,Durbin (D-IL),Yea
29,Enzi (R-WY),Yea
30,Ernst (R-IA),Yea
31,Feinstein (D-CA),Yea
32,Fischer (R-NE),Yea
33,Flake (R-AZ),Yea
34,Franken (D-MN),Yea
35,Gardner (R-CO),Yea
36,Gillibrand (D-NY),Yea
37,Graham (R-SC),Yea
38,Grassley (R-IA),Yea
39,Harris (D-CA),Yea
40,Hassan (D-NH),Yea
41,Hatch (R-UT),Yea
42,Heinrich (D-NM),Yea
43,Heitkamp (D-ND),Yea
44,Heller (R-NV),Yea
45,Hirono (D-HI),Yea
46,Hoeven (R-ND),Yea
47,Inhofe (R-OK),Yea
48,Isakson (R-GA),Yea
49,Johnson (R-WI),Yea
50,Kaine (D-VA),Yea
51,Kennedy (R-LA),Yea
52,King (I-ME),Yea
53,Klobuchar (D-MN),Yea
54,Lankford (R-OK),Yea
55,Leahy (D-VT),Yea
56,Lee (R-UT),Yea
57,Manchin (D-WV),Yea
58,Markey (D-MA),Yea
59,McCain (R-AZ),Yea
60,McCaskill (D-MO),Yea
61,McConnell (R-KY),Yea
62,Menendez (D-NJ),Yea
63,Merkley (D-OR),Yea
64,Moran (R-KS),Yea
65,Murkowski (R-AK),Yea
66,Murphy (D-CT),Yea
67,Murray (D-WA),Yea
68,Nelson (D-FL),Yea
69,Paul (R-KY),Nay
70,Perdue (R-GA),Yea
71,Peters (D-MI),Yea
72,Portman (R-OH),Yea
73,Reed (D-RI),Yea
74,Risch (R-ID),Yea
75,Roberts (R-KS),Yea
76,Rounds (R-SD),Yea
77,Rubio (R-FL),Yea
78,Sanders (I-VT),Nay
79,Sasse (R-NE),Yea
80,Schatz (D-HI),Yea
81,Schumer (D-NY),Yea
82,Scott (R-SC),Yea
83,Shaheen (D-NH),Yea
84,Shelby (R-AL),Yea
85,Stabenow (D-MI),Yea
86,Strange (R-AL),Yea
87,Sullivan (R-AK),Yea
88,Tester (D-MT),Yea
89,Thune (R-SD),Yea
90,Tillis (R-NC),Yea
91,Toomey (R-PA),Yea
92,Udall (D-NM),Yea
93,Van Hollen (D-MD),Yea
94,Warner (D-VA),Yea
95,Warren (D-MA),Yea
96,Whitehouse (D-RI),Yea
97,Wicker (R-MS),Yea
98,Wyden (D-OR),Yea
99,Young (R-IN),Yea
100,Alexander (R-TN),Yea
101,Baldwin (D-WI),Yea
102,Barrasso (R-WY),Yea
103,Bennet (D-CO),Yea
104,Blumenthal (D-CT),Yea
105,Blunt (R-MO),Yea
106,Booker (D-NJ),Yea
107,Boozman (R-AR),Yea
108,Brown (D-OH),Yea
109,Burr (R-NC),Yea
110,Cantwell (D-WA),Yea
111,Capito (R-WV),Yea
112,Cardin (D-MD),Yea
113,Carper (D-DE),Yea
114,Casey (D-PA),Yea
115,Cassidy (R-LA),Yea
116,Cochran (R-MS),Yea
117,Collins (R-ME),Yea
118,Coons (D-DE),Yea
119,Corker (R-TN),Yea
120,Cornyn (R-TX),Yea
121,Cortez Masto (D-NV),Yea
122,Cotton (R-AR),Yea
123,Crapo (R-ID),Yea
124,Cruz (R-TX),Yea
125,Daines (R-MT),Yea
126,Donnelly (D-IN),Yea
127,Duckworth (D-IL),Yea
128,Durbin (D-IL),Yea
129,Enzi (R-WY),Yea
130,Ernst (R-IA),Yea
131,Feinstein (D-CA),Yea
132,Fischer (R-NE),Yea
133,Flake (R-AZ),Yea
134,Franken (D-MN),Yea
135,Gardner (R-CO),Yea
136,Gillibrand (D-NY),Yea
137,Graham (R-SC),Yea
138,Grassley (R-IA),Yea
139,Harris (D-CA),Yea
140,Hassan (D-NH),Yea
141,Hatch (R-UT),Yea
142,Heinrich (D-NM),Yea
143,Heitkamp (D-ND),Yea
144,Heller (R-NV),Yea
145,Hirono (D-HI),Yea
146,Hoeven (R-ND),Yea
147,Inhofe (R-OK),Yea
148,Isakson (R-GA),Yea
149,Johnson (R-WI),Yea
150,Kaine (D-VA),Yea
151,Kennedy (R-LA),Yea
152,King (I-ME),Yea
153,Klobuchar (D-MN),Yea
154,Lankford (R-OK),Yea
155,Leahy (D-VT),Yea
156,Lee (R-UT),Nay
157,Manchin (D-WV),Yea
158,Markey (D-MA),Yea
159,McCain (R-AZ),Yea
160,McCaskill (D-MO),Yea
161,McConnell (R-KY),Yea
162,Menendez (D-NJ),Yea
163,Merkley (D-OR),Yea
164,Moran (R-KS),Yea
165,Murkowski (R-AK),Yea
166,Murphy (D-CT),Yea
167,Murray (D-WA),Yea
168,Nelson (D-FL),Yea
169,Paul (R-KY),Nay
170,Perdue (R-GA),Yea
171,Peters (D-MI),Yea
172,Portman (R-OH),Yea
173,Reed (D-RI),Yea
174,Risch (R-ID),Yea
175,Roberts (R-KS),Yea
176,Rounds (R-SD),Yea
177,Rubio (R-FL),Yea
178,Sanders (I-VT),Yea
179,Sasse (R-NE),Yea
180,Schatz (D-HI),Yea
181,Schumer (D-NY),Yea
182,Scott (R-SC),Yea
183,Shaheen (D-NH),Yea
184,Shelby (R-AL),Yea
185,Stabenow (D-MI),Yea
186,Strange (R-AL),Yea
187,Sullivan (R-AK),Yea
188,Tester (D-MT),Yea
189,Thune (R-SD),Yea
190,Tillis (R-NC),Yea
191,Toomey (R-PA),Yea
192,Udall (D-NM),Yea
193,Van Hollen (D-MD),Not Voting
194,Warner (D-VA),Yea
195,Warren (D-MA),Yea
196,Whitehouse (D-RI),Yea
197,Wicker (R-MS),Yea
198,Wyden (D-OR),Yea
199,Young (R-IN),Yea
200,Alexander (R-TN),Nay
201,Baldwin (D-WI),Yea
202,Barrasso (R-WY),Nay
203,Bennet (D-CO),Yea
204,Blumenthal (D-CT),Yea
205,Blunt (R-MO),Nay
206,Booker (D-NJ),Yea
207,Boozman (R-AR),Nay
208,Brown (D-OH),Yea
209,Burr (R-NC),Nay
210,Cantwell (D-WA),Yea
211,Capito (R-WV),Nay
212,Cardin (D-MD),Yea
213,Carper (D-DE),Yea
214,Casey (D-PA),Yea
215,Cassidy (R-LA),Nay
216,Cochran (R-MS),Nay
217,Collins (R-ME),Nay
218,Coons (D-DE),Yea
219,Corker (R-TN),Nay
220,Cornyn (R-TX),Nay
221,Cortez Masto (D-NV),Yea
222,Cotton (R-AR),Nay
223,Crapo (R-ID),Nay
224,Cruz (R-TX),Nay
225,Daines (R-MT),Nay
226,Donnelly (D-IN),Nay
227,Duckworth (D-IL),Yea
228,Durbin (D-IL),Yea
229,Enzi (R-WY),Nay
230,Ernst (R-IA),Nay
231,Feinstein (D-CA),Yea
232,Fischer (R-NE),Nay
233,Flake (R-AZ),Nay
234,Franken (D-MN),Yea
235,Gardner (R-CO),Nay
236,Gillibrand (D-NY),Yea
237,Graham (R-SC),Nay
238,Grassley (R-IA),Nay
239,Harris (D-CA),Yea
240,Hassan (D-NH),Yea
241,Hatch (R-UT),Nay
242,Heinrich (D-NM),Yea
243,Heitkamp (D-ND),Yea
244,Heller (R-NV),Yea
245,Hirono (D-HI),Yea
246,Hoeven (R-ND),Nay
247,Inhofe (R-OK),Nay
248,Isakson (R-GA),Nay
249,Johnson (R-WI),Nay
250,Kaine (D-VA),Yea
251,Kennedy (R-LA),Nay
252,King (I-ME),Yea
253,Klobuchar (D-MN),Yea
254,Lankford (R-OK),Nay
255,Leahy (D-VT),Yea
256,Lee (R-UT),Yea
257,Manchin (D-WV),Nay
258,Markey (D-MA),Yea
259,McCain (R-AZ),Nay
260,McCaskill (D-MO),Nay
261,McConnell (R-KY),Nay
262,Menendez (D-NJ),Yea
263,Merkley (D-OR),Yea
264,Moran (R-KS),Nay
265,Murkowski (R-AK),Nay
266,Murphy (D-CT),Yea
267,Murray (D-WA),Yea
268,Nelson (D-FL),Nay
269,Paul (R-KY),Yea
270,Perdue (R-GA),Nay
271,Peters (D-MI),Yea
272,Portman (R-OH),Nay
273,Reed (D-RI),Yea
274,Risch (R-ID),Nay
275,Roberts (R-KS),Nay
276,Rounds (R-SD),Nay
277,Rubio (R-FL),Nay
278,Sanders (I-VT),Yea
279,Sasse (R-NE),Nay
280,Schatz (D-HI),Yea
281,Schumer (D-NY),Yea
282,Scott (R-SC),Nay
283,Shaheen (D-NH),Yea
284,Shelby (R-AL),Nay
285,Stabenow (D-MI),Yea
286,Strange (R-AL),Nay
287,Sullivan (R-AK),Nay
288,Tester (D-MT),Yea
289,Thune (R-SD),Nay
290,Tillis (R-NC),Nay
291,Toomey (R-PA),Nay
292,Udall (D-NM),Yea
293,Van Hollen (D-MD),Yea
294,Warner (D-VA),Nay
295,Warren (D-MA),Yea
296,Whitehouse (D-RI),Yea
297,Wicker (R-MS),Nay
298,Wyden (D-OR),Yea
299,Young (R-IN),Yea
300,Alexander (R-TN),Yea
301,Baldwin (D-WI),Nay
302,Barrasso (R-WY),Yea
303,Bennet (D-CO),Nay
304,Blumenthal (D-CT),Nay
305,Blunt (R-MO),Yea
306,Booker (D-NJ),Nay
307,Boozman (R-AR),Yea
308,Brown (D-OH),Nay
309,Burr (R-NC),Yea
310,Cantwell (D-WA),Nay
311,Capito (R-WV),Yea
312,Cardin (D-MD),Nay
313,Carper (D-DE),Nay
314,Casey (D-PA),Nay
315,Cassidy (R-LA),Yea
316,Cochran (R-MS),Yea
317,Collins (R-ME),Yea
318,Coons (D-DE),Nay
319,Corker (R-TN),Yea
320,Cornyn (R-TX),Yea
321,Cortez Masto (D-NV),Nay
322,Cotton (R-AR),Yea
323,Crapo (R-ID),Yea
324,Cruz (R-TX),Yea
325,Daines (R-MT),Yea
326,Donnelly (D-IN),Nay
327,Duckworth (D-IL),Nay
328,Durbin (D-IL),Nay
329,Enzi (R-WY),Yea
330,Ernst (R-IA),Yea
331,Feinstein (D-CA),Nay
332,Fischer (R-NE),Yea
333,Flake (R-AZ),Yea
334,Franken (D-MN),Nay
335,Gardner (R-CO),Yea
336,Gillibrand (D-NY),Nay
337,Graham (R-SC),Yea
338,Grassley (R-IA),Yea
339,Harris (D-CA),Nay
340,Hassan (D-NH),Nay
341,Hatch (R-UT),Yea
342,Heinrich (D-NM),Nay
343,Heitkamp (D-ND),Nay
344,Heller (R-NV),Yea
345,Hirono (D-HI),Nay
346,Hoeven (R-ND),Yea
347,Inhofe (R-OK),Yea
348,Isakson (R-GA),Not Voting
349,Johnson (R-WI),Yea
350,Kaine (D-VA),Nay
351,Kennedy (R-LA),Yea
352,King (I-ME),Nay
353,Klobuchar (D-MN),Nay
354,Lankford (R-OK),Yea
355,Leahy (D-VT),Nay
356,Lee (R-UT),Yea
357,Manchin (D-WV),Nay
358,Markey (D-MA),Nay
359,McCain (R-AZ),Yea
360,McCaskill (D-MO),Nay
361,McConnell (R-KY),Yea
362,Menendez (D-NJ),Nay
363,Merkley (D-OR),Nay
364,Moran (R-KS),Yea
365,Murkowski (R-AK),Yea
366,Murphy (D-CT),Nay
367,Murray (D-WA),Nay
368,Nelson (D-FL),Nay
369,Paul (R-KY),Not Voting
370,Perdue (R-GA),Yea
371,Peters (D-MI),Nay
372,Portman (R-OH),Yea
373,Reed (D-RI),Nay
374,Risch (R-ID),Yea
375,Roberts (R-KS),Yea
376,Rounds (R-SD),Yea
377,Rubio (R-FL),Yea
378,Sanders (I-VT),Nay
379,Sasse (R-NE),Yea
380,Schatz (D-HI),Nay
381,Schumer (D-NY),Nay
382,Scott (R-SC),Yea
383,Shaheen (D-NH),Nay
384,Shelby (R-AL),Yea
385,Stabenow (D-MI),Nay
386,Strange (R-AL),Yea
387,Sullivan (R-AK),Yea
388,Tester (D-MT),Nay
389,Thune (R-SD),Yea
390,Tillis (R-NC),Yea
391,Toomey (R-PA),Yea
392,Udall (D-NM),Nay
393,Van Hollen (D-MD),Nay
394,Warner (D-VA),Nay
395,Warren (D-MA),Nay
396,Whitehouse (D-RI),Nay
397,Wicker (R-MS),Yea
398,Wyden (D-OR),Nay
399,Young (R-IN),Yea
400,Alexander (R-TN),Nay
401,Baldwin (D-WI),Yea
402,Barrasso (R-WY),Nay
403,Bennet (D-CO),Yea
404,Blumenthal (D-CT),Yea
405,Blunt (R-MO),Nay
406,Booker (D-NJ),Yea
407,Boozman (R-AR),Nay
408,Brown (D-OH),Yea
409,Burr (R-NC),Nay
410,Cantwell (D-WA),Yea
411,Capito (R-WV),Nay
412,Cardin (D-MD),Yea
413,Carper (D-DE),Yea
414,Casey (D-PA),Yea
415,Cassidy (R-LA),Nay
416,Cochran (R-MS),Nay
417,Collins (R-ME),Nay
418,Coons (D-DE),Yea
419,Corker (R-TN),Nay
420,Cornyn (R-TX),Nay
421,Cortez Masto (D-NV),Yea
422,Cotton (R-AR),Nay
423,Crapo (R-ID),Nay
424,Cruz (R-TX),Nay
425,Daines (R-MT),Nay
426,Donnelly (D-IN),Yea
427,Duckworth (D-IL),Yea
428,Durbin (D-IL),Yea
429,Enzi (R-WY),Nay
430,Ernst (R-IA),Nay
431,Feinstein (D-CA),Not Voting
432,Fischer (R-NE),Nay
433,Flake (R-AZ),Nay
434,Franken (D-MN),Yea
435,Gardner (R-CO),Nay
436,Gillibrand (D-NY),Yea
437,Graham (R-SC),Nay
438,Grassley (R-IA),Nay
439,Harris (D-CA),Yea
440,Hassan (D-NH),Yea
441,Hatch (R-UT),Nay
442,Heinrich (D-NM),Yea
443,Heitkamp (D-ND),Yea
444,Heller (R-NV),Nay
445,Hirono (D-HI),Yea
446,Hoeven (R-ND),Nay
447,Inhofe (R-OK),Nay
448,Isakson (R-GA),Nay
449,Johnson (R-WI),Nay
450,Kaine (D-VA),Yea
451,Kennedy (R-LA),Nay
452,King (I-ME),Yea
453,Klobuchar (D-MN),Yea
454,Lankford (R-OK),Nay
455,Leahy (D-VT),Yea
456,Lee (R-UT),Nay
457,Manchin (D-WV),Yea
458,Markey (D-MA),Yea
459,McCain (R-AZ),Nay
460,McCaskill (D-MO),Yea
461,McConnell (R-KY),Nay
462,Menendez (D-NJ),Yea
463,Merkley (D-OR),Yea
464,Moran (R-KS),Nay
465,Murkowski (R-AK),Nay
466,Murphy (D-CT),Yea
467,Murray (D-WA),Yea
468,Nelson (D-FL),Yea
469,Paul (R-KY),Nay
470,Perdue (R-GA),Nay
471,Peters (D-MI),Yea
472,Portman (R-OH),Nay
473,Reed (D-RI),Yea
474,Risch (R-ID),Nay
475,Roberts (R-KS),Nay
476,Rounds (R-SD),Nay
477,Rubio (R-FL),Nay
478,Sanders (I-VT),Yea
479,Sasse (R-NE),Nay
480,Schatz (D-HI),Yea
481,Schumer (D-NY),Yea
482,Scott (R-SC),Nay
483,Sessions (R-AL),Not Voting
484,Shaheen (D-NH),Yea
485,Shelby (R-AL),Nay
486,Stabenow (D-MI),Yea
487,Sullivan (R-AK),Nay
488,Tester (D-MT),Yea
489,Thune (R-SD),Nay
490,Tillis (R-NC),Nay
491,Toomey (R-PA),Nay
492,Udall (D-NM),Yea
493,Van Hollen (D-MD),Yea
494,Warner (D-VA),Yea
495,Warren (D-MA),Yea
496,Whitehouse (D-RI),Yea
497,Wicker (R-MS),Nay
498,Wyden (D-OR),Yea
499,Young (R-IN),Nay
500,Alexander (R-TN),Nay
501,Baldwin (D-WI),Yea
502,Barrasso (R-WY),Nay
503,Bennet (D-CO),Nay
504,Blumenthal (D-CT),Yea
505,Blunt (R-MO),Nay
506,Booker (D-NJ),Nay
507,Boozman (R-AR),Yea
508,Brown (D-OH),Yea
509,Burr (R-NC),Nay
510,Cantwell (D-WA),Nay
511,Capito (R-WV),Nay
512,Cardin (D-MD),Yea
513,Carper (D-DE),Nay
514,Casey (D-PA),Nay
515,Cassidy (R-LA),Nay
516,Cochran (R-MS),Nay
517,Collins (R-ME),Yea
518,Coons (D-DE),Nay
519,Corker (R-TN),Nay
520,Cornyn (R-TX),Nay
521,Cortez Masto (D-NV),Yea
522,Cotton (R-AR),Nay
523,Crapo (R-ID),Nay
524,Cruz (R-TX),Yea
525,Daines (R-MT),Nay
526,Donnelly (D-IN),Nay
527,Duckworth (D-IL),Yea
528,Durbin (D-IL),Yea
529,Enzi (R-WY),Nay
530,Ernst (R-IA),Nay
531,Feinstein (D-CA),Not Voting
532,Fischer (R-NE),Nay
533,Flake (R-AZ),Yea
534,Franken (D-MN),Yea
535,Gardner (R-CO),Nay
536,Gillibrand (D-NY),Yea
537,Graham (R-SC),Nay
538,Grassley (R-IA),Yea
539,Harris (D-CA),Yea
540,Hassan (D-NH),Yea
541,Hatch (R-UT),Nay
542,Heinrich (D-NM),Nay
543,Heitkamp (D-ND),Nay
544,Heller (R-NV),Yea
545,Hirono (D-HI),Yea
546,Hoeven (R-ND),Nay
547,Inhofe (R-OK),Nay
548,Isakson (R-GA),Nay
549,Johnson (R-WI),Nay
550,Kaine (D-VA),Yea
551,Kennedy (R-LA),Yea
552,King (I-ME),Yea
553,Klobuchar (D-MN),Yea
554,Lankford (R-OK),Nay
555,Leahy (D-VT),Yea
556,Lee (R-UT),Yea
557,Manchin (D-WV),Yea
558,Markey (D-MA),Yea
559,McCain (R-AZ),Yea
560,McCaskill (D-MO),Yea
561,McConnell (R-KY),Nay
562,Menendez (D-NJ),Nay
563,Merkley (D-OR),Yea
564,Moran (R-KS),Nay
565,Murkowski (R-AK),Yea
566,Murphy (D-CT),Yea
567,Murray (D-WA),Nay
568,Nelson (D-FL),Yea
569,Paul (R-KY),Yea
570,Perdue (R-GA),Nay
571,Peters (D-MI),Yea
572,Portman (R-OH),Nay
573,Reed (D-RI),Yea
574,Risch (R-ID),Nay
575,Roberts (R-KS),Nay
576,Rounds (R-SD),Nay
577,Rubio (R-FL),Nay
578,Sanders (I-VT),Yea
579,Sasse (R-NE),Nay
580,Schatz (D-HI),Yea
581,Schumer (D-NY),Yea
582,Scott (R-SC),Nay
583,Sessions (R-AL),Not Voting
584,Shaheen (D-NH),Yea
585,Shelby (R-AL),Nay
586,Stabenow (D-MI),Yea
587,Sullivan (R-AK),Nay
588,Tester (D-MT),Nay
589,Thune (R-SD),Yea
590,Tillis (R-NC),Nay
591,Toomey (R-PA),Nay
592,Udall (D-NM),Yea
593,Van Hollen (D-MD),Yea
594,Warner (D-VA),Nay
595,Warren (D-MA),Yea
596,Whitehouse (D-RI),Yea
597,Wicker (R-MS),Nay
598,Wyden (D-OR),Yea
599,Young (R-IN),Nay
600,Alexander (R-TN),Yea
601,Baldwin (D-WI),Nay
602,Barrasso (R-WY),Yea
603,Bennet (D-CO),Nay
604,Blumenthal (D-CT),Nay
605,Blunt (R-MO),Yea
606,Booker (D-NJ),Nay
607,Boozman (R-AR),Yea
608,Brown (D-OH),Nay
609,Burr (R-NC),Yea
610,Cantwell (D-WA),Nay
611,Capito (R-WV),Yea
612,Cardin (D-MD),Nay
613,Carper (D-DE),Nay
614,Casey (D-PA),Nay
615,Cassidy (R-LA),Yea
616,Cochran (R-MS),Yea
617,Collins (R-ME),Yea
618,Coons (D-DE),Nay
619,Corker (R-TN),Yea
620,Cornyn (R-TX),Yea
621,Cortez Masto (D-NV),Nay
622,Cotton (R-AR),Yea
623,Crapo (R-ID),Yea
624,Cruz (R-TX),Yea
625,Daines (R-MT),Yea
626,Donnelly (D-IN),Nay
627,Duckworth (D-IL),Nay
628,Durbin (D-IL),Nay
629,Enzi (R-WY),Yea
630,Ernst (R-IA),Yea
631,Feinstein (D-CA),Not Voting
632,Fischer (R-NE),Yea
633,Flake (R-AZ),Yea
634,Franken (D-MN),Nay
635,Gardner (R-CO),Yea
636,Gillibrand (D-NY),Nay
637,Graham (R-SC),Yea
638,Grassley (R-IA),Nay
639,Harris (D-CA),Nay
640,Hassan (D-NH),Nay
641,Hatch (R-UT),Nay
642,Heinrich (D-NM),Nay
643,Heitkamp (D-ND),Nay
644,Heller (R-NV),Yea
645,Hirono (D-HI),Nay
646,Hoeven (R-ND),Yea
647,Inhofe (R-OK),Yea
648,Isakson (R-GA),Yea
649,Johnson (R-WI),Yea
650,Kaine (D-VA),Nay
651,Kennedy (R-LA),Yea
652,King (I-ME),Nay
653,Klobuchar (D-MN),Nay
654,Lankford (R-OK),Yea
655,Leahy (D-VT),Nay
656,Lee (R-UT),Yea
657,Manchin (D-WV),Nay
658,Markey (D-MA),Nay
659,McCain (R-AZ),Yea
660,McCaskill (D-MO),Nay
661,McConnell (R-KY),Yea
662,Menendez (D-NJ),Nay
663,Merkley (D-OR),Nay
664,Moran (R-KS),Yea
665,Murkowski (R-AK),Yea
666,Murphy (D-CT),Nay
667,Murray (D-WA),Nay
668,Nelson (D-FL),Nay
669,Paul (R-KY),Yea
670,Perdue (R-GA),Yea
671,Peters (D-MI),Nay
672,Portman (R-OH),Yea
673,Reed (D-RI),Nay
674,Risch (R-ID),Yea
675,Roberts (R-KS),Yea
676,Rounds (R-SD),Yea
677,Rubio (R-FL),Yea
678,Sanders (I-VT),Nay
679,Sasse (R-NE),Yea
680,Schatz (D-HI),Nay
681,Schumer (D-NY),Nay
682,Scott (R-SC),Yea
683,Sessions (R-AL),Not Voting
684,Shaheen (D-NH),Nay
685,Shelby (R-AL),Yea
686,Stabenow (D-MI),Nay
687,Sullivan (R-AK),Yea
688,Tester (D-MT),Nay
689,Thune (R-SD),Yea
690,Tillis (R-NC),Yea
691,Toomey (R-PA),Yea
692,Udall (D-NM),Nay
693,Van Hollen (D-MD),Nay
694,Warner (D-VA),Nay
695,Warren (D-MA),Nay
696,Whitehouse (D-RI),Nay
697,Wicker (R-MS),Yea
698,Wyden (D-OR),Nay
699,Young (R-IN),Yea
700,Alexander (R-TN),Nay
701,Baldwin (D-WI),Yea
702,Barrasso (R-WY),Nay
703,Bennet (D-CO),Yea
704,Blumenthal (D-CT),Yea
705,Blunt (R-MO),Nay
706,Booker (D-NJ),Yea
707,Boozman (R-AR),Nay
708,Brown (D-OH),Yea
709,Burr (R-NC),Nay
710,Cantwell (D-WA),Yea
711,Capito (R-WV),Nay
712,Cardin (D-MD),Yea
713,Carper (D-DE),Yea
714,Casey (D-PA),Yea
715,Cassidy (R-LA),Nay
716,Cochran (R-MS),Nay
717,Collins (R-ME),Yea
718,Coons (D-DE),Yea
719,Corker (R-TN),Nay
720,Cornyn (R-TX),Nay
721,Cortez Masto (D-NV),Yea
722,Cotton (R-AR),Nay
723,Crapo (R-ID),Nay
724,Cruz (R-TX),Nay
725,Daines (R-MT),Nay
726,Donnelly (D-IN),Yea
727,Duckworth (D-IL),Yea
728,Durbin (D-IL),Yea
729,Enzi (R-WY),Nay
730,Ernst (R-IA),Nay
731,Feinstein (D-CA),Not Voting
732,Fischer (R-NE),Nay
733,Flake (R-AZ),Nay
734,Franken (D-MN),Yea
735,Gardner (R-CO),Nay
736,Gillibrand (D-NY),Yea
737,Graham (R-SC),Nay
738,Grassley (R-IA),Nay
739,Harris (D-CA),Yea
740,Hassan (D-NH),Yea
741,Hatch (R-UT),Nay
742,Heinrich (D-NM),Yea
743,Heitkamp (D-ND),Yea
744,Heller (R-NV),Yea
745,Hirono (D-HI),Yea
746,Hoeven (R-ND),Nay
747,Inhofe (R-OK),Nay
748,Isakson (R-GA),Nay
749,Johnson (R-WI),Nay
750,Kaine (D-VA),Yea
751,Kennedy (R-LA),Nay
752,King (I-ME),Yea
753,Klobuchar (D-MN),Yea
754,Lankford (R-OK),Nay
755,Leahy (D-VT),Yea
756,Lee (R-UT),Nay
757,Manchin (D-WV),Yea
758,Markey (D-MA),Yea
759,McCain (R-AZ),Nay
760,McCaskill (D-MO),Yea
761,McConnell (R-KY),Nay
762,Menendez (D-NJ),Yea
763,Merkley (D-OR),Yea
764,Moran (R-KS),Nay
765,Murkowski (R-AK),Nay
766,Murphy (D-CT),Yea
767,Murray (D-WA),Yea
768,Nelson (D-FL),Yea
769,Paul (R-KY),Nay
770,Perdue (R-GA),Nay
771,Peters (D-MI),Yea
772,Portman (R-OH),Nay
773,Reed (D-RI),Yea
774,Risch (R-ID),Nay
775,Roberts (R-KS),Nay
776,Rounds (R-SD),Nay
777,Rubio (R-FL),Nay
778,Sanders (I-VT),Yea
779,Sasse (R-NE),Nay
780,Schatz (D-HI),Yea
781,Schumer (D-NY),Yea
782,Scott (R-SC),Nay
783,Sessions (R-AL),Not Voting
784,Shaheen (D-NH),Yea
785,Shelby (R-AL),Nay
786,Stabenow (D-MI),Yea
787,Sullivan (R-AK),Nay
788,Tester (D-MT),Yea
789,Thune (R-SD),Nay
790,Tillis (R-NC),Nay
791,Toomey (R-PA),Nay
792,Udall (D-NM),Yea
793,Van Hollen (D-MD),Yea
794,Warner (D-VA),Yea
795,Warren (D-MA),Yea
796,Whitehouse (D-RI),Yea
797,Wicker (R-MS),Nay
798,Wyden (D-OR),Yea
799,Young (R-IN),Nay
800,Alexander (R-TN),Nay
801,Baldwin (D-WI),Yea
802,Barrasso (R-WY),Nay
803,Bennet (D-CO),Yea
804,Blumenthal (D-CT),Yea
805,Blunt (R-MO),Nay
806,Booker (D-NJ),Yea
807,Boozman (R-AR),Nay
808,Brown (D-OH),Yea
809,Burr (R-NC),Nay
810,Cantwell (D-WA),Yea
811,Capito (R-WV),Nay
812,Cardin (D-MD),Yea
813,Carper (D-DE),Yea
814,Casey (D-PA),Yea
815,Cassidy (R-LA),Nay
816,Cochran (R-MS),Nay
817,Collins (R-ME),Yea
818,Coons (D-DE),Yea
819,Corker (R-TN),Nay
820,Cornyn (R-TX),Nay
821,Cortez Masto (D-NV),Yea
822,Cotton (R-AR),Nay
823,Crapo (R-ID),Nay
824,Cruz (R-TX),Nay
825,Daines (R-MT),Nay
826,Donnelly (D-IN),Yea
827,Duckworth (D-IL),Yea
828,Durbin (D-IL),Yea
829,Enzi (R-WY),Nay
830,Ernst (R-IA),Nay
831,Feinstein (D-CA),Yea
832,Fischer (R-NE),Nay
833,Flake (R-AZ),Nay
834,Franken (D-MN),Yea
835,Gardner (R-CO),Nay
836,Gillibrand (D-NY),Yea
837,Graham (R-SC),Nay
838,Grassley (R-IA),Nay
839,Harris (D-CA),Yea
840,Hassan (D-NH),Yea
841,Hatch (R-UT),Nay
842,Heinrich (D-NM),Yea
843,Heitkamp (D-ND),Yea
844,Heller (R-NV),Nay
845,Hirono (D-HI),Yea
846,Hoeven (R-ND),Nay
847,Inhofe (R-OK),Nay
848,Isakson (R-GA),Nay
849,Johnson (R-WI),Nay
850,Kaine (D-VA),Yea
851,Kennedy (R-LA),Nay
852,King (I-ME),Yea
853,Klobuchar (D-MN),Yea
854,Lankford (R-OK),Nay
855,Leahy (D-VT),Yea
856,Lee (R-UT),Nay
857,Manchin (D-WV),Yea
858,Markey (D-MA),Yea
859,McCain (R-AZ),Nay
860,McCaskill (D-MO),Yea
861,McConnell (R-KY),Nay
862,Menendez (D-NJ),Yea
863,Merkley (D-OR),Yea
864,Moran (R-KS),Nay
865,Murkowski (R-AK),Nay
866,Murphy (D-CT),Yea
867,Murray (D-WA),Yea
868,Nelson (D-FL),Yea
869,Paul (R-KY),Nay
870,Perdue (R-GA),Nay
871,Peters (D-MI),Yea
872,Portman (R-OH),Nay
873,Reed (D-RI),Yea
874,Risch (R-ID),Nay
875,Roberts (R-KS),Nay
876,Rounds (R-SD),Nay
877,Rubio (R-FL),Nay
878,Sanders (I-VT),Yea
879,Sasse (R-NE),Nay
880,Schatz (D-HI),Yea
881,Schumer (D-NY),Yea
882,Scott (R-SC),Nay
883,Sessions (R-AL),Not Voting
884,Shaheen (D-NH),Yea
885,Shelby (R-AL),Nay
886,Stabenow (D-MI),Yea
887,Sullivan (R-AK),Nay
888,Tester (D-MT),Yea
889,Thune (R-SD),Nay
890,Tillis (R-NC),Not Voting
891,Toomey (R-PA),Nay
892,Udall (D-NM),Yea
893,Van Hollen (D-MD),Yea
894,Warner (D-VA),Yea
895,Warren (D-MA),Yea
896,Whitehouse (D-RI),Yea
897,Wicker (R-MS),Nay
898,Wyden (D-OR),Yea
899,Young (R-IN),Nay
900,Alexander (R-TN),Nay
901,Baldwin (D-WI),Nay
902,Barrasso (R-WY),Nay
903,Bennet (D-CO),Nay
904,Blumenthal (D-CT),Nay
905,Blunt (R-MO),Not Voting
906,Booker (D-NJ),Nay
907,Boozman (R-AR),Nay
908,Brown (D-OH),Nay
909,Burr (R-NC),Nay
910,Cantwell (D-WA),Nay
911,Capito (R-WV),Nay
912,Cardin (D-MD),Nay
913,Carper (D-DE),Nay
914,Casey (D-PA),Nay
915,Cassidy (R-LA),Nay
916,Cochran (R-MS),Nay
917,Collins (R-ME),Nay
918,Coons (D-DE),Nay
919,Corker (R-TN),Nay
920,Cornyn (R-TX),Nay
921,Cortez Masto (D-NV),Nay
922,Cotton (R-AR),Nay
923,Crapo (R-ID),Yea
924,Cruz (R-TX),Yea
925,Daines (R-MT),Yea
926,Donnelly (D-IN),Nay
927,Duckworth (D-IL),Nay
928,Durbin (D-IL),Nay
929,Enzi (R-WY),Nay
930,Ernst (R-IA),Nay
931,Feinstein (D-CA),Nay
932,Fischer (R-NE),Nay
933,Flake (R-AZ),Yea
934,Franken (D-MN),Nay
935,Gardner (R-CO),Nay
936,Gillibrand (D-NY),Nay
937,Graham (R-SC),Not Voting
938,Grassley (R-IA),Nay
939,Harris (D-CA),Nay
940,Hassan (D-NH),Nay
941,Hatch (R-UT),Nay
942,Heinrich (D-NM),Nay
943,Heitkamp (D-ND),Nay
944,Heller (R-NV),Nay
945,Hirono (D-HI),Nay
946,Hoeven (R-ND),Nay
947,Inhofe (R-OK),Nay
948,Isakson (R-GA),Nay
949,Johnson (R-WI),Nay
950,Kaine (D-VA),Nay
951,Kennedy (R-LA),Yea
952,King (I-ME),Nay
953,Klobuchar (D-MN),Nay
954,Lankford (R-OK),Yea
955,Leahy (D-VT),Nay
956,Lee (R-UT),Yea
957,Manchin (D-WV),Nay
958,Markey (D-MA),Nay
959,McCain (R-AZ),Nay
960,McCaskill (D-MO),Nay
961,McConnell (R-KY),Nay
962,Menendez (D-NJ),Nay
963,Merkley (D-OR),Nay
964,Moran (R-KS),Yea
965,Murkowski (R-AK),Nay
966,Murphy (D-CT),Nay
967,Murray (D-WA),Nay
968,Nelson (D-FL),Nay
969,Paul (R-KY),Yea
970,Perdue (R-GA),Nay
971,Peters (D-MI),Nay
972,Portman (R-OH),Nay
973,Reed (D-RI),Nay
974,Risch (R-ID),Yea
975,Roberts (R-KS),Nay
976,Rounds (R-SD),Nay
977,Rubio (R-FL),Yea
978,Sanders (I-VT),Nay
979,Sasse (R-NE),Yea
980,Schatz (D-HI),Nay
981,Schumer (D-NY),Nay
982,Scott (R-SC),Yea
983,Sessions (R-AL),Nay
984,Shaheen (D-NH),Nay
985,Shelby (R-AL),Nay
986,Stabenow (D-MI),Nay
987,Sullivan (R-AK),Nay
988,Tester (D-MT),Nay
989,Thune (R-SD),Nay
990,Tillis (R-NC),Not Voting
991,Toomey (R-PA),Yea
992,Udall (D-NM),Nay
993,Van Hollen (D-MD),Nay
994,Warner (D-VA),Nay
995,Warren (D-MA),Nay
996,Whitehouse (D-RI),Nay
997,Wicker (R-MS),Nay
998,Wyden (D-OR),Nay
999,Young (R-IN),Nay
1000,Alexander (R-TN),Nay
1001,Baldwin (D-WI),Yea
1002,Barrasso (R-WY),Nay
1003,Bennet (D-CO),Yea
1004,Blumenthal (D-CT),Yea
1005,Blunt (R-MO),Nay
1006,Booker (D-NJ),Yea
1007,Boozman (R-AR),Nay
1008,Brown (D-OH),Yea
1009,Burr (R-NC),Nay
1010,Cantwell (D-WA),Yea
1011,Capito (R-WV),Nay
1012,Cardin (D-MD),Yea
1013,Carper (D-DE),Yea
1014,Casey (D-PA),Yea
1015,Cassidy (R-LA),Nay
1016,Cochran (R-MS),Nay
1017,Collins (R-ME),Nay
1018,Coons (D-DE),Yea
1019,Corker (R-TN),Nay
1020,Cornyn (R-TX),Nay
1021,Cortez Masto (D-NV),Yea
1022,Cotton (R-AR),Nay
1023,Crapo (R-ID),Nay
1024,Cruz (R-TX),Nay
1025,Daines (R-MT),Nay
1026,Donnelly (D-IN),Yea
1027,Duckworth (D-IL),Yea
1028,Durbin (D-IL),Yea
1029,Enzi (R-WY),Nay
1030,Ernst (R-IA),Nay
1031,Feinstein (D-CA),Yea
1032,Fischer (R-NE),Nay
1033,Flake (R-AZ),Nay
1034,Franken (D-MN),Yea
1035,Gardner (R-CO),Nay
1036,Gillibrand (D-NY),Yea
1037,Graham (R-SC),Nay
1038,Grassley (R-IA),Nay
1039,Harris (D-CA),Yea
1040,Hassan (D-NH),Yea
1041,Hatch (R-UT),Nay
1042,Heinrich (D-NM),Yea
1043,Heitkamp (D-ND),Yea
1044,Heller (R-NV),Nay
1045,Hirono (D-HI),Yea
1046,Hoeven (R-ND),Nay
1047,Inhofe (R-OK),Nay
1048,Isakson (R-GA),Nay
1049,Johnson (R-WI),Nay
1050,Kaine (D-VA),Yea
1051,Kennedy (R-LA),Nay
1052,King (I-ME),Yea
1053,Klobuchar (D-MN),Yea
1054,Lankford (R-OK),Nay
1055,Leahy (D-VT),Yea
1056,Lee (R-UT),Nay
1057,Manchin (D-WV),Yea
1058,Markey (D-MA),Yea
1059,McCain (R-AZ),Nay
1060,McCaskill (D-MO),Yea
1061,McConnell (R-KY),Nay
1062,Menendez (D-NJ),Yea
1063,Merkley (D-OR),Yea
1064,Moran (R-KS),Nay
1065,Murkowski (R-AK),Nay
1066,Murphy (D-CT),Yea
1067,Murray (D-WA),Yea
1068,Nelson (D-FL),Yea
1069,Paul (R-KY),Nay
1070,Perdue (R-GA),Nay
1071,Peters (D-MI),Yea
1072,Portman (R-OH),Nay
1073,Reed (D-RI),Yea
1074,Risch (R-ID),Nay
1075,Roberts (R-KS),Nay
1076,Rounds (R-SD),Nay
1077,Rubio (R-FL),Nay
1078,Sanders (I-VT),Yea
1079,Sasse (R-NE),Nay
1080,Schatz (D-HI),Yea
1081,Schumer (D-NY),Yea
1082,Scott (R-SC),Nay
1083,Sessions (R-AL),Nay
1084,Shaheen (D-NH),Yea
1085,Shelby (R-AL),Nay
1086,Stabenow (D-MI),Yea
1087,Sullivan (R-AK),Nay
1088,Tester (D-MT),Yea
1089,Thune (R-SD),Nay
1090,Tillis (R-NC),Nay
1091,Toomey (R-PA),Nay
1092,Udall (D-NM),Yea
1093,Van Hollen (D-MD),Yea
1094,Warner (D-VA),Yea
1095,Warren (D-MA),Yea
1096,Whitehouse (D-RI),Yea
1097,Wicker (R-MS),Nay
1098,Wyden (D-OR),Yea
1099,Young (R-IN),Nay
0,Alexander (R-TN),Yea
1,Baldwin (D-WI),Yea
2,Barrasso (R-WY),Nay
3,Bennet (D-CO),Yea
4,Blumenthal (D-CT),Yea
5,Blunt (R-MO),Yea
6,Booker (D-NJ),Yea
7,Boozman (R-AR),Yea
8,Brown (D-OH),Yea
9,Burr (R-NC),Yea
10,Cantwell (D-WA),Yea
11,Capito (R-WV),Yea
12,Cardin (D-MD),Yea
13,Carper (D-DE),Yea
14,Casey (D-PA),Yea
15,Cassidy (R-LA),Yea
16,Collins (R-ME),Yea
17,Coons (D-DE),Yea
18,Corker (R-TN),Yea
19,Cornyn (R-TX),Yea
20,Cortez Masto (D-NV),Yea
21,Cotton (R-AR),Nay
22,Crapo (R-ID),Yea
23,Cruz (R-TX),Yea
24,Daines (R-MT),Yea
25,Donnelly (D-IN),Yea
26,Duckworth (D-IL),Yea
27,Durbin (D-IL),Yea
28,Enzi (R-WY),Nay
29,Ernst (R-IA),Yea
30,Feinstein (D-CA),Yea
31,Fischer (R-NE),Yea
32,Flake (R-AZ),Yea
33,Gardner (R-CO),Yea
34,Gillibrand (D-NY),Yea
35,Graham (R-SC),Not Voting
36,Grassley (R-IA),Yea
37,Harris (D-CA),Yea
38,Hassan (D-NH),Yea
39,Hatch (R-UT),Yea
40,Heinrich (D-NM),Yea
41,Heitkamp (D-ND),Yea
42,Heller (R-NV),Yea
43,Hirono (D-HI),Yea
44,Hoeven (R-ND),Yea
45,Hyde-Smith (R-MS),Yea
46,Inhofe (R-OK),Yea
47,Isakson (R-GA),Yea
48,Johnson (R-WI),Yea
49,Jones (D-AL),Yea
50,Kaine (D-VA),Yea
51,Kennedy (R-LA),Nay
52,King (I-ME),Yea
53,Klobuchar (D-MN),Yea
54,Kyl (R-AZ),Nay
55,Lankford (R-OK),Yea
56,Leahy (D-VT),Yea
57,Lee (R-UT),Yea
58,Manchin (D-WV),Yea
59,Markey (D-MA),Yea
60,McCaskill (D-MO),Yea
61,McConnell (R-KY),Yea
62,Menendez (D-NJ),Yea
63,Merkley (D-OR),Yea
64,Moran (R-KS),Yea
65,Murkowski (R-AK),Nay
66,Murphy (D-CT),Yea
67,Murray (D-WA),Yea
68,Nelson (D-FL),Yea
69,Paul (R-KY),Yea
70,Perdue (R-GA),Yea
71,Peters (D-MI),Yea
72,Portman (R-OH),Yea
73,Reed (D-RI),Yea
74,Risch (R-ID),Nay
75,Roberts (R-KS),Yea
76,Rounds (R-SD),Nay
77,Rubio (R-FL),Nay
78,Sanders (I-VT),Yea
79,Sasse (R-NE),Nay
80,Schatz (D-HI),Yea
81,Schumer (D-NY),Yea
82,Scott (R-SC),Yea
83,Shaheen (D-NH),Yea
84,Shelby (R-AL),Nay
85,Smith (D-MN),Yea
86,Stabenow (D-MI),Yea
87,Sullivan (R-AK),Nay
88,Tester (D-MT),Yea
89,Thune (R-SD),Yea
90,Tillis (R-NC),Yea
91,Toomey (R-PA),Yea
92,Udall (D-NM),Yea
93,Van Hollen (D-MD),Yea
94,Warner (D-VA),Yea
95,Warren (D-MA),Yea
96,Whitehouse (D-RI),Yea
97,Wicker (R-MS),Yea
98,Wyden (D-OR),Yea
99,Young (R-IN),Yea
100,Alexander (R-TN),Nay
101,Baldwin (D-WI),Nay
102,Barrasso (R-WY),Yea
103,Bennet (D-CO),Nay
104,Blumenthal (D-CT),Nay
105,Blunt (R-MO),Yea
106,Booker (D-NJ),Nay
107,Boozman (R-AR),Yea
108,Brown (D-OH),Nay
109,Burr (R-NC),Yea
110,Cantwell (D-WA),Nay
111,Capito (R-WV),Yea
112,Cardin (D-MD),Nay
113,Carper (D-DE),Nay
114,Casey (D-PA),Nay
115,Cassidy (R-LA),Yea
116,Collins (R-ME),Yea
117,Coons (D-DE),Nay
118,Corker (R-TN),Yea
119,Cornyn (R-TX),Yea
120,Cortez Masto (D-NV),Nay
121,Cotton (R-AR),Yea
122,Crapo (R-ID),Yea
123,Cruz (R-TX),Yea
124,Daines (R-MT),Yea
125,Donnelly (D-IN),Nay
126,Duckworth (D-IL),Nay
127,Durbin (D-IL),Nay
128,Enzi (R-WY),Yea
129,Ernst (R-IA),Nay
130,Feinstein (D-CA),Nay
131,Fischer (R-NE),Yea
132,Flake (R-AZ),Nay
133,Gardner (R-CO),Yea
134,Gillibrand (D-NY),Nay
135,Graham (R-SC),Not Voting
136,Grassley (R-IA),Nay
137,Harris (D-CA),Nay
138,Hassan (D-NH),Nay
139,Hatch (R-UT),Nay
140,Heinrich (D-NM),Nay
141,Heitkamp (D-ND),Nay
142,Heller (R-NV),Yea
143,Hirono (D-HI),Nay
144,Hoeven (R-ND),Yea
145,Hyde-Smith (R-MS),Nay
146,Inhofe (R-OK),Yea
147,Isakson (R-GA),Nay
148,Johnson (R-WI),Yea
149,Jones (D-AL),Nay
150,Kaine (D-VA),Nay
151,Kennedy (R-LA),Yea
152,King (I-ME),Nay
153,Klobuchar (D-MN),Nay
154,Kyl (R-AZ),Yea
155,Lankford (R-OK),Nay
156,Leahy (D-VT),Nay
157,Lee (R-UT),Nay
158,Manchin (D-WV),Nay
159,Markey (D-MA),Nay
160,McCaskill (D-MO),Nay
161,McConnell (R-KY),Yea
162,Menendez (D-NJ),Nay
163,Merkley (D-OR),Nay
164,Moran (R-KS),Nay
165,Murkowski (R-AK),Yea
166,Murphy (D-CT),Nay
167,Murray (D-WA),Nay
168,Nelson (D-FL),Nay
169,Paul (R-KY),Nay
170,Perdue (R-GA),Yea
171,Peters (D-MI),Yea
172,Portman (R-OH),Yea
173,Reed (D-RI),Nay
174,Risch (R-ID),Yea
175,Roberts (R-KS),Nay
176,Rounds (R-SD),Yea
177,Rubio (R-FL),Yea
178,Sanders (I-VT),Nay
179,Sasse (R-NE),Yea
180,Schatz (D-HI),Nay
181,Schumer (D-NY),Nay
182,Scott (R-SC),Yea
183,Shaheen (D-NH),Nay
184,Shelby (R-AL),Yea
185,Smith (D-MN),Nay
186,Stabenow (D-MI),Nay
187,Sullivan (R-AK),Yea
188,Tester (D-MT),Nay
189,Thune (R-SD),Yea
190,Tillis (R-NC),Nay
191,Toomey (R-PA),Yea
192,Udall (D-NM),Nay
193,Van Hollen (D-MD),Nay
194,Warner (D-VA),Nay
195,Warren (D-MA),Nay
196,Whitehouse (D-RI),Nay
197,Wicker (R-MS),Nay
198,Wyden (D-OR),Nay
199,Young (R-IN),Yea
200,Alexander (R-TN),Nay
201,Baldwin (D-WI),Nay
202,Barrasso (R-WY),Yea
203,Bennet (D-CO),Nay
204,Blumenthal (D-CT),Nay
205,Blunt (R-MO),Yea
206,Booker (D-NJ),Nay
207,Boozman (R-AR),Yea
208,Brown (D-OH),Nay
209,Burr (R-NC),Yea
210,Cantwell (D-WA),Nay
211,Capito (R-WV),Yea
212,Cardin (D-MD),Nay
213,Carper (D-DE),Nay
214,Casey (D-PA),Nay
215,Cassidy (R-LA),Nay
216,Collins (R-ME),Nay
217,Coons (D-DE),Nay
218,Corker (R-TN),Nay
219,Cornyn (R-TX),Yea
220,Cortez Masto (D-NV),Nay
221,Cotton (R-AR),Yea
222,Crapo (R-ID),Yea
223,Cruz (R-TX),Yea
224,Daines (R-MT),Yea
225,Donnelly (D-IN),Nay
226,Duckworth (D-IL),Nay
227,Durbin (D-IL),Nay
228,Enzi (R-WY),Yea
229,Ernst (R-IA),Nay
230,Feinstein (D-CA),Nay
231,Fischer (R-NE),Yea
232,Flake (R-AZ),Nay
233,Gardner (R-CO),Yea
234,Gillibrand (D-NY),Nay
235,Graham (R-SC),Not Voting
236,Grassley (R-IA),Nay
237,Harris (D-CA),Nay
238,Hassan (D-NH),Nay
239,Hatch (R-UT),Nay
240,Heinrich (D-NM),Nay
241,Heitkamp (D-ND),Nay
242,Heller (R-NV),Yea
243,Hirono (D-HI),Nay
244,Hoeven (R-ND),Yea
245,Hyde-Smith (R-MS),Nay
246,Inhofe (R-OK),Yea
247,Isakson (R-GA),Yea
248,Johnson (R-WI),Nay
249,Jones (D-AL),Nay
250,Kaine (D-VA),Nay
251,Kennedy (R-LA),Yea
252,King (I-ME),Nay
253,Klobuchar (D-MN),Nay
254,Kyl (R-AZ),Yea
255,Lankford (R-OK),Nay
256,Leahy (D-VT),Nay
257,Lee (R-UT),Nay
258,Manchin (D-WV),Nay
259,Markey (D-MA),Nay
260,McCaskill (D-MO),Nay
261,McConnell (R-KY),Yea
262,Menendez (D-NJ),Nay
263,Merkley (D-OR),Nay
264,Moran (R-KS),Nay
265,Murkowski (R-AK),Yea
266,Murphy (D-CT),Nay
267,Murray (D-WA),Nay
268,Nelson (D-FL),Nay
269,Paul (R-KY),Nay
270,Perdue (R-GA),Yea
271,Peters (D-MI),Nay
272,Portman (R-OH),Yea
273,Reed (D-RI),Nay
274,Risch (R-ID),Yea
275,Roberts (R-KS),Nay
276,Rounds (R-SD),Yea
277,Rubio (R-FL),Yea
278,Sanders (I-VT),Nay
279,Sasse (R-NE),Yea
280,Schatz (D-HI),Nay
281,Schumer (D-NY),Nay
282,Scott (R-SC),Yea
283,Shaheen (D-NH),Nay
284,Shelby (R-AL),Yea
285,Smith (D-MN),Nay
286,Stabenow (D-MI),Nay
287,Sullivan (R-AK),Yea
288,Tester (D-MT),Nay
289,Thune (R-SD),Yea
290,Tillis (R-NC),Yea
291,Toomey (R-PA),Yea
292,Udall (D-NM),Nay
293,Van Hollen (D-MD),Nay
294,Warner (D-VA),Nay
295,Warren (D-MA),Nay
296,Whitehouse (D-RI),Nay
297,Wicker (R-MS),Nay
298,Wyden (D-OR),Nay
299,Young (R-IN),Nay
300,Alexander (R-TN),Nay
301,Baldwin (D-WI),Nay
302,Barrasso (R-WY),Yea
303,Bennet (D-CO),Nay
304,Blumenthal (D-CT),Nay
305,Blunt (R-MO),Yea
306,Booker (D-NJ),Nay
307,Boozman (R-AR),Yea
308,Brown (D-OH),Nay
309,Burr (R-NC),Yea
310,Cantwell (D-WA),Nay
311,Capito (R-WV),Yea
312,Cardin (D-MD),Nay
313,Carper (D-DE),Nay
314,Casey (D-PA),Nay
315,Cassidy (R-LA),Nay
316,Collins (R-ME),Yea
317,Coons (D-DE),Nay
318,Corker (R-TN),Nay
319,Cornyn (R-TX),Yea
320,Cortez Masto (D-NV),Nay
321,Cotton (R-AR),Yea
322,Crapo (R-ID),Yea
323,Cruz (R-TX),Yea
324,Daines (R-MT),Yea
325,Donnelly (D-IN),Nay
326,Duckworth (D-IL),Nay
327,Durbin (D-IL),Nay
328,Enzi (R-WY),Yea
329,Ernst (R-IA),Nay
330,Feinstein (D-CA),Nay
331,Fischer (R-NE),Yea
332,Flake (R-AZ),Nay
333,Gardner (R-CO),Yea
334,Gillibrand (D-NY),Nay
335,Graham (R-SC),Not Voting
336,Grassley (R-IA),Nay
337,Harris (D-CA),Nay
338,Hassan (D-NH),Nay
339,Hatch (R-UT),Nay
340,Heinrich (D-NM),Nay
341,Heitkamp (D-ND),Nay
342,Heller (R-NV),Nay
343,Hirono (D-HI),Nay
344,Hoeven (R-ND),Yea
345,Hyde-Smith (R-MS),Nay
346,Inhofe (R-OK),Yea
347,Isakson (R-GA),Nay
348,Johnson (R-WI),Nay
349,Jones (D-AL),Nay
350,Kaine (D-VA),Nay
351,Kennedy (R-LA),Yea
352,King (I-ME),Nay
353,Klobuchar (D-MN),Nay
354,Kyl (R-AZ),Yea
355,Lankford (R-OK),Nay
356,Leahy (D-VT),Nay
357,Lee (R-UT),Nay
358,Manchin (D-WV),Nay
359,Markey (D-MA),Nay
360,McCaskill (D-MO),Nay
361,McConnell (R-KY),Yea
362,Menendez (D-NJ),Nay
363,Merkley (D-OR),Nay
364,Moran (R-KS),Nay
365,Murkowski (R-AK),Yea
366,Murphy (D-CT),Nay
367,Murray (D-WA),Nay
368,Nelson (D-FL),Nay
369,Paul (R-KY),Nay
370,Perdue (R-GA),Yea
371,Peters (D-MI),Nay
372,Portman (R-OH),Yea
373,Reed (D-RI),Nay
374,Risch (R-ID),Yea
375,Roberts (R-KS),Nay
376,Rounds (R-SD),Yea
377,Rubio (R-FL),Yea
378,Sanders (I-VT),Nay
379,Sasse (R-NE),Yea
380,Schatz (D-HI),Nay
381,Schumer (D-NY),Nay
382,Scott (R-SC),Yea
383,Shaheen (D-NH),Nay
384,Shelby (R-AL),Yea
385,Smith (D-MN),Nay
386,Stabenow (D-MI),Nay
387,Sullivan (R-AK),Yea
388,Tester (D-MT),Nay
389,Thune (R-SD),Yea
390,Tillis (R-NC),Yea
391,Toomey (R-PA),Yea
392,Udall (D-NM),Nay
393,Van Hollen (D-MD),Nay
394,Warner (D-VA),Nay
395,Warren (D-MA),Nay
396,Whitehouse (D-RI),Nay
397,Wicker (R-MS),Nay
398,Wyden (D-OR),Nay
399,Young (R-IN),Nay
400,Alexander (R-TN),Not Voting
401,Baldwin (D-WI),Yea
402,Barrasso (R-WY),Nay
403,Bennet (D-CO),Yea
404,Blumenthal (D-CT),Yea
405,Blunt (R-MO),Yea
406,Booker (D-NJ),Yea
407,Boozman (R-AR),Yea
408,Brown (D-OH),Yea
409,Burr (R-NC),Nay
410,Cantwell (D-WA),Yea
411,Capito (R-WV),Yea
412,Cardin (D-MD),Yea
413,Carper (D-DE),Yea
414,Casey (D-PA),Yea
415,Cassidy (R-LA),Not Voting
416,Collins (R-ME),Yea
417,Coons (D-DE),Yea
418,Corker (R-TN),Yea
419,Cornyn (R-TX),Yea
420,Cortez Masto (D-NV),Yea
421,Cotton (R-AR),Nay
422,Crapo (R-ID),Yea
423,Cruz (R-TX),Yea
424,Daines (R-MT),Yea
425,Donnelly (D-IN),Yea
426,Duckworth (D-IL),Yea
427,Durbin (D-IL),Yea
428,Enzi (R-WY),Nay
429,Ernst (R-IA),Yea
430,Feinstein (D-CA),Yea
431,Fischer (R-NE),Yea
432,Flake (R-AZ),Yea
433,Gardner (R-CO),Yea
434,Gillibrand (D-NY),Yea
435,Graham (R-SC),Not Voting
436,Grassley (R-IA),Yea
437,Harris (D-CA),Yea
438,Hassan (D-NH),Yea
439,Hatch (R-UT),Yea
440,Heinrich (D-NM),Yea
441,Heitkamp (D-ND),Yea
442,Heller (R-NV),Not Voting
443,Hirono (D-HI),Yea
444,Hoeven (R-ND),Yea
445,Hyde-Smith (R-MS),Yea
446,Inhofe (R-OK),Yea
447,Isakson (R-GA),Yea
448,Johnson (R-WI),Not Voting
449,Jones (D-AL),Yea
450,Kaine (D-VA),Yea
451,Kennedy (R-LA),Nay
452,King (I-ME),Yea
453,Klobuchar (D-MN),Yea
454,Kyl (R-AZ),Nay
455,Lankford (R-OK),Yea
456,Leahy (D-VT),Yea
457,Lee (R-UT),Yea
458,Manchin (D-WV),Yea
459,Markey (D-MA),Yea
460,McCaskill (D-MO),Yea
461,McConnell (R-KY),Yea
462,Menendez (D-NJ),Yea
463,Merkley (D-OR),Yea
464,Moran (R-KS),Yea
465,Murkowski (R-AK),Nay
466,Murphy (D-CT),Yea
467,Murray (D-WA),Yea
468,Nelson (D-FL),Yea
469,Paul (R-KY),Yea
470,Perdue (R-GA),Yea
471,Peters (D-MI),Yea
472,Portman (R-OH),Yea
473,Reed (D-RI),Yea
474,Risch (R-ID),Nay
475,Roberts (R-KS),Yea
476,Rounds (R-SD),Nay
477,Rubio (R-FL),Yea
478,Sanders (I-VT),Yea
479,Sasse (R-NE),Nay
480,Schatz (D-HI),Yea
481,Schumer (D-NY),Yea
482,Scott (R-SC),Yea
483,Shaheen (D-NH),Yea
484,Shelby (R-AL),Yea
485,Smith (D-MN),Yea
486,Stabenow (D-MI),Yea
487,Sullivan (R-AK),Nay
488,Tester (D-MT),Yea
489,Thune (R-SD),Yea
490,Tillis (R-NC),Not Voting
491,Toomey (R-PA),Nay
492,Udall (D-NM),Yea
493,Van Hollen (D-MD),Yea
494,Warner (D-VA),Yea
495,Warren (D-MA),Yea
496,Whitehouse (D-RI),Yea
497,Wicker (R-MS),Yea
498,Wyden (D-OR),Yea
499,Young (R-IN),Yea
500,Alexander (R-TN),Nay
501,Baldwin (D-WI),Yea
502,Barrasso (R-WY),Nay
503,Bennet (D-CO),Yea
504,Blumenthal (D-CT),Yea
505,Blunt (R-MO),Nay
506,Booker (D-NJ),Yea
507,Boozman (R-AR),Nay
508,Brown (D-OH),Yea
509,Burr (R-NC),Nay
510,Cantwell (D-WA),Yea
511,Capito (R-WV),Nay
512,Cardin (D-MD),Yea
513,Carper (D-DE),Yea
514,Casey (D-PA),Yea
515,Cassidy (R-LA),Nay
516,Collins (R-ME),Yea
517,Coons (D-DE),Yea
518,Corker (R-TN),Nay
519,Cornyn (R-TX),Nay
520,Cortez Masto (D-NV),Yea
521,Cotton (R-AR),Nay
522,Crapo (R-ID),Nay
523,Cruz (R-TX),Nay
524,Daines (R-MT),Yea
525,Donnelly (D-IN),Yea
526,Duckworth (D-IL),Yea
527,Durbin (D-IL),Yea
528,Enzi (R-WY),Nay
529,Ernst (R-IA),Nay
530,Feinstein (D-CA),Yea
531,Fischer (R-NE),Nay
532,Flake (R-AZ),Yea
533,Gardner (R-CO),Nay
534,Gillibrand (D-NY),Yea
535,Graham (R-SC),Not Voting
536,Grassley (R-IA),Nay
537,Harris (D-CA),Yea
538,Hassan (D-NH),Yea
539,Hatch (R-UT),Nay
540,Heinrich (D-NM),Yea
541,Heitkamp (D-ND),Yea
542,Heller (R-NV),Not Voting
543,Hirono (D-HI),Yea
544,Hoeven (R-ND),Nay
545,Hyde-Smith (R-MS),Nay
546,Inhofe (R-OK),Nay
547,Isakson (R-GA),Nay
548,Johnson (R-WI),Nay
549,Jones (D-AL),Yea
550,Kaine (D-VA),Yea
551,Kennedy (R-LA),Nay
552,King (I-ME),Yea
553,Klobuchar (D-MN),Yea
554,Kyl (R-AZ),Nay
555,Lankford (R-OK),Nay
556,Leahy (D-VT),Yea
557,Lee (R-UT),Yea
558,Manchin (D-WV),Yea
559,Markey (D-MA),Yea
560,McCaskill (D-MO),Yea
561,McConnell (R-KY),Nay
562,Menendez (D-NJ),Yea
563,Merkley (D-OR),Yea
564,Moran (R-KS),Yea
565,Murkowski (R-AK),Nay
566,Murphy (D-CT),Yea
567,Murray (D-WA),Yea
568,Nelson (D-FL),Yea
569,Paul (R-KY),Yea
570,Perdue (R-GA),Nay
571,Peters (D-MI),Yea
572,Portman (R-OH),Nay
573,Reed (D-RI),Yea
574,Risch (R-ID),Nay
575,Roberts (R-KS),Nay
576,Rounds (R-SD),Nay
577,Rubio (R-FL),Nay
578,Sanders (I-VT),Yea
579,Sasse (R-NE),Nay
580,Schatz (D-HI),Yea
581,Schumer (D-NY),Yea
582,Scott (R-SC),Nay
583,Shaheen (D-NH),Yea
584,Shelby (R-AL),Nay
585,Smith (D-MN),Yea
586,Stabenow (D-MI),Yea
587,Sullivan (R-AK),Nay
588,Tester (D-MT),Yea
589,Thune (R-SD),Nay
590,Tillis (R-NC),Not Voting
591,Toomey (R-PA),Nay
592,Udall (D-NM),Yea
593,Van Hollen (D-MD),Yea
594,Warner (D-VA),Yea
595,Warren (D-MA),Yea
596,Whitehouse (D-RI),Yea
597,Wicker (R-MS),Nay
598,Wyden (D-OR),Yea
599,Young (R-IN),Yea
600,Alexander (R-TN),Yea
601,Baldwin (D-WI),Yea
602,Barrasso (R-WY),Nay
603,Bennet (D-CO),Yea
604,Blumenthal (D-CT),Yea
605,Blunt (R-MO),Nay
606,Booker (D-NJ),Yea
607,Boozman (R-AR),Nay
608,Brown (D-OH),Yea
609,Burr (R-NC),Nay
610,Cantwell (D-WA),Yea
611,Capito (R-WV),Nay
612,Cardin (D-MD),Yea
613,Carper (D-DE),Yea
614,Casey (D-PA),Yea
615,Cassidy (R-LA),Yea
616,Collins (R-ME),Yea
617,Coons (D-DE),Yea
618,Corker (R-TN),Yea
619,Cornyn (R-TX),Nay
620,Cortez Masto (D-NV),Yea
621,Cotton (R-AR),Nay
622,Crapo (R-ID),Nay
623,Cruz (R-TX),Nay
624,Daines (R-MT),Nay
625,Donnelly (D-IN),Yea
626,Duckworth (D-IL),Yea
627,Durbin (D-IL),Yea
628,Enzi (R-WY),Nay
629,Ernst (R-IA),Nay
630,Feinstein (D-CA),Yea
631,Fischer (R-NE),Nay
632,Flake (R-AZ),Nay
633,Gardner (R-CO),Nay
634,Gillibrand (D-NY),Yea
635,Graham (R-SC),Nay
636,Grassley (R-IA),Nay
637,Harris (D-CA),Yea
638,Hassan (D-NH),Yea
639,Hatch (R-UT),Nay
640,Heinrich (D-NM),Yea
641,Heitkamp (D-ND),Yea
642,Heller (R-NV),Nay
643,Hirono (D-HI),Yea
644,Hoeven (R-ND),Nay
645,Hyde-Smith (R-MS),Nay
646,Inhofe (R-OK),Nay
647,Isakson (R-GA),Nay
648,Johnson (R-WI),Nay
649,Jones (D-AL),Yea
650,Kaine (D-VA),Yea
651,Kennedy (R-LA),Nay
652,King (I-ME),Yea
653,Klobuchar (D-MN),Yea
654,Kyl (R-AZ),Nay
655,Lankford (R-OK),Nay
656,Leahy (D-VT),Yea
657,Lee (R-UT),Yea
658,Manchin (D-WV),Yea
659,Markey (D-MA),Yea
660,McCaskill (D-MO),Yea
661,McConnell (R-KY),Nay
662,Menendez (D-NJ),Yea
663,Merkley (D-OR),Yea
664,Moran (R-KS),Yea
665,Murkowski (R-AK),Yea
666,Murphy (D-CT),Yea
667,Murray (D-WA),Yea
668,Nelson (D-FL),Yea
669,Paul (R-KY),Yea
670,Perdue (R-GA),Nay
671,Peters (D-MI),Yea
672,Portman (R-OH),Nay
673,Reed (D-RI),Yea
674,Risch (R-ID),Nay
675,Roberts (R-KS),Nay
676,Rounds (R-SD),Nay
677,Rubio (R-FL),Nay
678,Sanders (I-VT),Yea
679,Sasse (R-NE),Nay
680,Schatz (D-HI),Yea
681,Schumer (D-NY),Yea
682,Scott (R-SC),Nay
683,Shaheen (D-NH),Yea
684,Shelby (R-AL),Nay
685,Smith (D-MN),Yea
686,Stabenow (D-MI),Yea
687,Sullivan (R-AK),Nay
688,Tester (D-MT),Yea
689,Thune (R-SD),Nay
690,Tillis (R-NC),Not Voting
691,Toomey (R-PA),Nay
692,Udall (D-NM),Yea
693,Van Hollen (D-MD),Yea
694,Warner (D-VA),Yea
695,Warren (D-MA),Yea
696,Whitehouse (D-RI),Yea
697,Wicker (R-MS),Nay
698,Wyden (D-OR),Yea
699,Young (R-IN),Yea
700,Alexander (R-TN),Nay
701,Baldwin (D-WI),Yea
702,Barrasso (R-WY),Nay
703,Bennet (D-CO),Yea
704,Blumenthal (D-CT),Yea
705,Blunt (R-MO),Nay
706,Booker (D-NJ),Yea
707,Boozman (R-AR),Nay
708,Brown (D-OH),Yea
709,Burr (R-NC),Nay
710,Cantwell (D-WA),Yea
711,Capito (R-WV),Nay
712,Cardin (D-MD),Yea
713,Carper (D-DE),Yea
714,Casey (D-PA),Yea
715,Cassidy (R-LA),Yea
716,Collins (R-ME),Yea
717,Coons (D-DE),Yea
718,Corker (R-TN),Nay
719,Cornyn (R-TX),Nay
720,Cortez Masto (D-NV),Yea
721,Cotton (R-AR),Nay
722,Crapo (R-ID),Yea
723,Cruz (R-TX),Nay
724,Daines (R-MT),Yea
725,Donnelly (D-IN),Yea
726,Duckworth (D-IL),Yea
727,Durbin (D-IL),Yea
728,Enzi (R-WY),Nay
729,Ernst (R-IA),Nay
730,Feinstein (D-CA),Yea
731,Fischer (R-NE),Nay
732,Flake (R-AZ),Yea
733,Gardner (R-CO),Nay
734,Gillibrand (D-NY),Yea
735,Graham (R-SC),Nay
736,Grassley (R-IA),Nay
737,Harris (D-CA),Yea
738,Hassan (D-NH),Yea
739,Hatch (R-UT),Nay
740,Heinrich (D-NM),Yea
741,Heitkamp (D-ND),Yea
742,Heller (R-NV),Nay
743,Hirono (D-HI),Yea
744,Hoeven (R-ND),Nay
745,Hyde-Smith (R-MS),Nay
746,Inhofe (R-OK),Nay
747,Isakson (R-GA),Nay
748,Johnson (R-WI),Nay
749,Jones (D-AL),Yea
750,Kaine (D-VA),Yea
751,Kennedy (R-LA),Nay
752,King (I-ME),Yea
753,Klobuchar (D-MN),Yea
754,Kyl (R-AZ),Nay
755,Lankford (R-OK),Nay
756,Leahy (D-VT),Yea
757,Lee (R-UT),Yea
758,Manchin (D-WV),Yea
759,Markey (D-MA),Yea
760,McCaskill (D-MO),Yea
761,McConnell (R-KY),Nay
762,Menendez (D-NJ),Yea
763,Merkley (D-OR),Yea
764,Moran (R-KS),Yea
765,Murkowski (R-AK),Yea
766,Murphy (D-CT),Yea
767,Murray (D-WA),Yea
768,Nelson (D-FL),Yea
769,Paul (R-KY),Yea
770,Perdue (R-GA),Nay
771,Peters (D-MI),Yea
772,Portman (R-OH),Nay
773,Reed (D-RI),Yea
774,Risch (R-ID),Yea
775,Roberts (R-KS),Nay
776,Rounds (R-SD),Nay
777,Rubio (R-FL),Nay
778,Sanders (I-VT),Yea
779,Sasse (R-NE),Nay
780,Schatz (D-HI),Yea
781,Schumer (D-NY),Yea
782,Scott (R-SC),Nay
783,Shaheen (D-NH),Yea
784,Shelby (R-AL),Nay
785,Smith (D-MN),Yea
786,Stabenow (D-MI),Yea
787,Sullivan (R-AK),Nay
788,Tester (D-MT),Yea
789,Thune (R-SD),Nay
790,Tillis (R-NC),Not Voting
791,Toomey (R-PA),Nay
792,Udall (D-NM),Yea
793,Van Hollen (D-MD),Yea
794,Warner (D-VA),Yea
795,Warren (D-MA),Yea
796,Whitehouse (D-RI),Yea
797,Wicker (R-MS),Nay
798,Wyden (D-OR),Yea
799,Young (R-IN),Yea
800,Alexander (R-TN),Nay
801,Baldwin (D-WI),Yea
802,Barrasso (R-WY),Nay
803,Bennet (D-CO),Yea
804,Blumenthal (D-CT),Yea
805,Blunt (R-MO),Nay
806,Booker (D-NJ),Yea
807,Boozman (R-AR),Nay
808,Brown (D-OH),Yea
809,Burr (R-NC),Nay
810,Cantwell (D-WA),Yea
811,Capito (R-WV),Nay
812,Cardin (D-MD),Yea
813,Carper (D-DE),Yea
814,Casey (D-PA),Yea
815,Cassidy (R-LA),Nay
816,Collins (R-ME),Yea
817,Coons (D-DE),Yea
818,Corker (R-TN),Nay
819,Cornyn (R-TX),Nay
820,Cortez Masto (D-NV),Yea
821,Cotton (R-AR),Nay
822,Crapo (R-ID),Nay
823,Cruz (R-TX),Nay
824,Daines (R-MT),Nay
825,Donnelly (D-IN),Yea
826,Duckworth (D-IL),Yea
827,Durbin (D-IL),Yea
828,Enzi (R-WY),Nay
829,Ernst (R-IA),Nay
830,Feinstein (D-CA),Yea
831,Fischer (R-NE),Nay
832,Flake (R-AZ),Nay
833,Gardner (R-CO),Nay
834,Gillibrand (D-NY),Yea
835,Graham (R-SC),Nay
836,Grassley (R-IA),Nay
837,Harris (D-CA),Yea
838,Hassan (D-NH),Yea
839,Hatch (R-UT),Nay
840,Heinrich (D-NM),Yea
841,Heitkamp (D-ND),Yea
842,Heller (R-NV),Nay
843,Hirono (D-HI),Yea
844,Hoeven (R-ND),Nay
845,Hyde-Smith (R-MS),Nay
846,Inhofe (R-OK),Nay
847,Isakson (R-GA),Nay
848,Johnson (R-WI),Nay
849,Jones (D-AL),Yea
850,Kaine (D-VA),Yea
851,Kennedy (R-LA),Nay
852,King (I-ME),Yea
853,Klobuchar (D-MN),Yea
854,Kyl (R-AZ),Nay
855,Lankford (R-OK),Nay
856,Leahy (D-VT),Yea
857,Lee (R-UT),Nay
858,Manchin (D-WV),Yea
859,Markey (D-MA),Yea
860,McCaskill (D-MO),Yea
861,McConnell (R-KY),Nay
862,Menendez (D-NJ),Yea
863,Merkley (D-OR),Yea
864,Moran (R-KS),Nay
865,Murkowski (R-AK),Nay
866,Murphy (D-CT),Yea
867,Murray (D-WA),Yea
868,Nelson (D-FL),Yea
869,Paul (R-KY),Nay
870,Perdue (R-GA),Nay
871,Peters (D-MI),Yea
872,Portman (R-OH),Nay
873,Reed (D-RI),Yea
874,Risch (R-ID),Nay
875,Roberts (R-KS),Nay
876,Rounds (R-SD),Nay
877,Rubio (R-FL),Nay
878,Sanders (I-VT),Yea
879,Sasse (R-NE),Nay
880,Schatz (D-HI),Yea
881,Schumer (D-NY),Yea
882,Scott (R-SC),Nay
883,Shaheen (D-NH),Yea
884,Shelby (R-AL),Nay
885,Smith (D-MN),Yea
886,Stabenow (D-MI),Yea
887,Sullivan (R-AK),Nay
888,Tester (D-MT),Yea
889,Thune (R-SD),Nay
890,Tillis (R-NC),Not Voting
891,Toomey (R-PA),Nay
892,Udall (D-NM),Yea
893,Van Hollen (D-MD),Yea
894,Warner (D-VA),Yea
895,Warren (D-MA),Yea
896,Whitehouse (D-RI),Yea
897,Wicker (R-MS),Nay
898,Wyden (D-OR),Yea
899,Young (R-IN),Nay
900,Alexander (R-TN),Nay
901,Baldwin (D-WI),Yea
902,Barrasso (R-WY),Nay
903,Bennet (D-CO),Yea
904,Blumenthal (D-CT),Yea
905,Blunt (R-MO),Nay
906,Booker (D-NJ),Yea
907,Boozman (R-AR),Nay
908,Brown (D-OH),Yea
909,Burr (R-NC),Nay
910,Cantwell (D-WA),Yea
911,Capito (R-WV),Nay
912,Cardin (D-MD),Yea
913,Carper (D-DE),Yea
914,Casey (D-PA),Yea
915,Cassidy (R-LA),Nay
916,Collins (R-ME),Yea
917,Coons (D-DE),Yea
918,Corker (R-TN),Nay
919,Cornyn (R-TX),Nay
920,Cortez Masto (D-NV),Yea
921,Cotton (R-AR),Nay
922,Crapo (R-ID),Nay
923,Cruz (R-TX),Nay
924,Daines (R-MT),Nay
925,Donnelly (D-IN),Yea
926,Duckworth (D-IL),Yea
927,Durbin (D-IL),Yea
928,Enzi (R-WY),Nay
929,Ernst (R-IA),Nay
930,Feinstein (D-CA),Yea
931,Fischer (R-NE),Nay
932,Flake (R-AZ),Nay
933,Gardner (R-CO),Nay
934,Gillibrand (D-NY),Yea
935,Graham (R-SC),Nay
936,Grassley (R-IA),Nay
937,Harris (D-CA),Yea
938,Hassan (D-NH),Yea
939,Hatch (R-UT),Nay
940,Heinrich (D-NM),Yea
941,Heitkamp (D-ND),Yea
942,Heller (R-NV),Nay
943,Hirono (D-HI),Yea
944,Hoeven (R-ND),Nay
945,Hyde-Smith (R-MS),Nay
946,Inhofe (R-OK),Nay
947,Isakson (R-GA),Nay
948,Johnson (R-WI),Nay
949,Jones (D-AL),Yea
950,Kaine (D-VA),Yea
951,Kennedy (R-LA),Nay
952,King (I-ME),Yea
953,Klobuchar (D-MN),Yea
954,Kyl (R-AZ),Nay
955,Lankford (R-OK),Nay
956,Leahy (D-VT),Yea
957,Lee (R-UT),Nay
958,Manchin (D-WV),Yea
959,Markey (D-MA),Yea
960,McCaskill (D-MO),Yea
961,McConnell (R-KY),Nay
962,Menendez (D-NJ),Yea
963,Merkley (D-OR),Yea
964,Moran (R-KS),Nay
965,Murkowski (R-AK),Nay
966,Murphy (D-CT),Yea
967,Murray (D-WA),Yea
968,Nelson (D-FL),Yea
969,Paul (R-KY),Nay
970,Perdue (R-GA),Nay
971,Peters (D-MI),Yea
972,Portman (R-OH),Nay
973,Reed (D-RI),Yea
974,Risch (R-ID),Nay
975,Roberts (R-KS),Nay
976,Rounds (R-SD),Nay
977,Rubio (R-FL),Nay
978,Sanders (I-VT),Yea
979,Sasse (R-NE),Nay
980,Schatz (D-HI),Yea
981,Schumer (D-NY),Yea
982,Scott (R-SC),Nay
983,Shaheen (D-NH),Yea
984,Shelby (R-AL),Nay
985,Smith (D-MN),Yea
986,Stabenow (D-MI),Yea
987,Sullivan (R-AK),Nay
988,Tester (D-MT),Yea
989,Thune (R-SD),Nay
990,Tillis (R-NC),Nay
991,Toomey (R-PA),Nay
992,Udall (D-NM),Yea
993,Van Hollen (D-MD),Yea
994,Warner (D-VA),Yea
995,Warren (D-MA),Yea
996,Whitehouse (D-RI),Yea
997,Wicker (R-MS),Nay
998,Wyden (D-OR),Yea
999,Young (R-IN),Nay
1000,Alexander (R-TN),Yea
1001,Baldwin (D-WI),Yea
1002,Barrasso (R-WY),Yea
1003,Bennet (D-CO),Yea
1004,Blumenthal (D-CT),Yea
1005,Blunt (R-MO),Yea
1006,Booker (D-NJ),Yea
1007,Boozman (R-AR),Yea
1008,Brown (D-OH),Yea
1009,Burr (R-NC),Yea
1010,Cantwell (D-WA),Yea
1011,Capito (R-WV),Yea
1012,Cardin (D-MD),Yea
1013,Carper (D-DE),Yea
1014,Casey (D-PA),Yea
1015,Cassidy (R-LA),Yea
1016,Collins (R-ME),Yea
1017,Coons (D-DE),Yea
1018,Corker (R-TN),Yea
1019,Cornyn (R-TX),Yea
1020,Cortez Masto (D-NV),Yea
1021,Cotton (R-AR),Yea
1022,Crapo (R-ID),Yea
1023,Cruz (R-TX),Yea
1024,Daines (R-MT),Yea
1025,Donnelly (D-IN),Yea
1026,Duckworth (D-IL),Yea
1027,Durbin (D-IL),Yea
1028,Enzi (R-WY),Yea
1029,Ernst (R-IA),Yea
1030,Feinstein (D-CA),Yea
1031,Fischer (R-NE),Yea
1032,Flake (R-AZ),Yea
1033,Gardner (R-CO),Yea
1034,Gillibrand (D-NY),Yea
1035,Graham (R-SC),Yea
1036,Grassley (R-IA),Yea
1037,Harris (D-CA),Yea
1038,Hassan (D-NH),Yea
1039,Hatch (R-UT),Yea
1040,Heinrich (D-NM),Yea
1041,Heitkamp (D-ND),Yea
1042,Heller (R-NV),Yea
1043,Hirono (D-HI),Yea
1044,Hoeven (R-ND),Yea
1045,Hyde-Smith (R-MS),Yea
1046,Inhofe (R-OK),Yea
1047,Isakson (R-GA),Yea
1048,Johnson (R-WI),Yea
1049,Jones (D-AL),Yea
1050,Kaine (D-VA),Yea
1051,Kennedy (R-LA),Yea
1052,King (I-ME),Yea
1053,Klobuchar (D-MN),Yea
1054,Kyl (R-AZ),Yea
1055,Lankford (R-OK),Yea
1056,Leahy (D-VT),Yea
1057,Lee (R-UT),Nay
1058,Manchin (D-WV),Yea
1059,Markey (D-MA),Yea
1060,McCaskill (D-MO),Yea
1061,McConnell (R-KY),Yea
1062,Menendez (D-NJ),Yea
1063,Merkley (D-OR),Yea
1064,Moran (R-KS),Yea
1065,Murkowski (R-AK),Yea
1066,Murphy (D-CT),Yea
1067,Murray (D-WA),Yea
1068,Nelson (D-FL),Yea
1069,Paul (R-KY),Yea
1070,Perdue (R-GA),Yea
1071,Peters (D-MI),Yea
1072,Portman (R-OH),Yea
1073,Reed (D-RI),Yea
1074,Risch (R-ID),Yea
1075,Roberts (R-KS),Yea
1076,Rounds (R-SD),Yea
1077,Rubio (R-FL),Yea
1078,Sanders (I-VT),Yea
1079,Sasse (R-NE),Yea
1080,Schatz (D-HI),Yea
1081,Schumer (D-NY),Yea
1082,Scott (R-SC),Yea
1083,Shaheen (D-NH),Yea
1084,Shelby (R-AL),Yea
1085,Smith (D-MN),Yea
1086,Stabenow (D-MI),Yea
1087,Sullivan (R-AK),Yea
1088,Tester (D-MT),Yea
1089,Thune (R-SD),Yea
1090,Tillis (R-NC),Yea
1091,Toomey (R-PA),Yea
1092,Udall (D-NM),Yea
1093,Van Hollen (D-MD),Yea
1094,Warner (D-VA),Yea
1095,Warren (D-MA),Yea
1096,Whitehouse (D-RI),Yea
1097,Wicker (R-MS),Yea
1098,Wyden (D-OR),Yea
1099,Young (R-IN),Yea
1100,Alexander (R-TN),Yea
1101,Baldwin (D-WI),Yea
1102,Barrasso (R-WY),Yea
1103,Bennet (D-CO),Yea
1104,Blumenthal (D-CT),Yea
1105,Blunt (R-MO),Yea
1106,Booker (D-NJ),Not Voting
1107,Boozman (R-AR),Yea
1108,Brown (D-OH),Yea
1109,Burr (R-NC),Nay
1110,Cantwell (D-WA),Yea
1111,Capito (R-WV),Yea
1112,Cardin (D-MD),Yea
1113,Carper (D-DE),Yea
1114,Casey (D-PA),Yea
1115,Cassidy (R-LA),Yea
1116,Collins (R-ME),Yea
1117,Coons (D-DE),Yea
1118,Corker (R-TN),Yea
1119,Cornyn (R-TX),Yea
1120,Cortez Masto (D-NV),Yea
1121,Cotton (R-AR),Yea
1122,Crapo (R-ID),Yea
1123,Cruz (R-TX),Yea
1124,Daines (R-MT),Yea
1125,Donnelly (D-IN),Yea
1126,Duckworth (D-IL),Yea
1127,Durbin (D-IL),Yea
1128,Enzi (R-WY),Yea
1129,Ernst (R-IA),Yea
1130,Feinstein (D-CA),Yea
1131,Fischer (R-NE),Yea
1132,Flake (R-AZ),Yea
1133,Gardner (R-CO),Yea
1134,Gillibrand (D-NY),Yea
1135,Graham (R-SC),Yea
1136,Grassley (R-IA),Yea
1137,Harris (D-CA),Yea
1138,Hassan (D-NH),Yea
1139,Hatch (R-UT),Yea
1140,Heinrich (D-NM),Yea
1141,Heitkamp (D-ND),Yea
1142,Heller (R-NV),Yea
1143,Hirono (D-HI),Yea
1144,Hoeven (R-ND),Yea
1145,Hyde-Smith (R-MS),Yea
1146,Inhofe (R-OK),Yea
1147,Isakson (R-GA),Yea
1148,Johnson (R-WI),Yea
1149,Jones (D-AL),Yea
1150,Kaine (D-VA),Yea
1151,Kennedy (R-LA),Yea
1152,King (I-ME),Yea
1153,Klobuchar (D-MN),Yea
1154,Kyl (R-AZ),Yea
1155,Lankford (R-OK),Yea
1156,Leahy (D-VT),Yea
1157,Lee (R-UT),Nay
1158,Manchin (D-WV),Yea
1159,Markey (D-MA),Yea
1160,McCaskill (D-MO),Yea
1161,McConnell (R-KY),Yea
1162,Menendez (D-NJ),Yea
1163,Merkley (D-OR),Yea
1164,Moran (R-KS),Yea
1165,Murkowski (R-AK),Yea
1166,Murphy (D-CT),Yea
1167,Murray (D-WA),Yea
1168,Nelson (D-FL),Yea
1169,Paul (R-KY),Yea
1170,Perdue (R-GA),Yea
1171,Peters (D-MI),Yea
1172,Portman (R-OH),Yea
1173,Reed (D-RI),Yea
1174,Risch (R-ID),Yea
1175,Roberts (R-KS),Yea
1176,Rounds (R-SD),Yea
1177,Rubio (R-FL),Yea
1178,Sanders (I-VT),Yea
1179,Sasse (R-NE),Yea
1180,Schatz (D-HI),Nay
1181,Schumer (D-NY),Yea
1182,Scott (R-SC),Yea
1183,Shaheen (D-NH),Yea
1184,Shelby (R-AL),Yea
1185,Smith (D-MN),Yea
1186,Stabenow (D-MI),Yea
1187,Sullivan (R-AK),Yea
1188,Tester (D-MT),Yea
1189,Thune (R-SD),Yea
1190,Tillis (R-NC),Yea
1191,Toomey (R-PA),Yea
1192,Udall (D-NM),Yea
1193,Van Hollen (D-MD),Yea
1194,Warner (D-VA),Yea
1195,Warren (D-MA),Yea
1196,Whitehouse (D-RI),Yea
1197,Wicker (R-MS),Yea
1198,Wyden (D-OR),Yea
1199,Young (R-IN),Yea
1200,Alexander (R-TN),Yea
1201,Baldwin (D-WI),Yea
1202,Barrasso (R-WY),Yea
1203,Bennet (D-CO),Yea
1204,Blumenthal (D-CT),Yea
1205,Blunt (R-MO),Yea
1206,Booker (D-NJ),Yea
1207,Boozman (R-AR),Yea
1208,Brown (D-OH),Yea
1209,Burr (R-NC),Yea
1210,Cantwell (D-WA),Yea
1211,Capito (R-WV),Yea
1212,Cardin (D-MD),Yea
1213,Carper (D-DE),Yea
1214,Casey (D-PA),Yea
1215,Cassidy (R-LA),Yea
1216,Collins (R-ME),Yea
1217,Coons (D-DE),Yea
1218,Corker (R-TN),Yea
1219,Cornyn (R-TX),Yea
1220,Cortez Masto (D-NV),Yea
1221,Cotton (R-AR),Yea
1222,Crapo (R-ID),Yea
1223,Cruz (R-TX),Yea
1224,Daines (R-MT),Yea
1225,Donnelly (D-IN),Yea
1226,Duckworth (D-IL),Yea
1227,Durbin (D-IL),Yea
1228,Enzi (R-WY),Yea
1229,Ernst (R-IA),Yea
1230,Feinstein (D-CA),Yea
1231,Fischer (R-NE),Yea
1232,Flake (R-AZ),Yea
1233,Gardner (R-CO),Yea
1234,Gillibrand (D-NY),Yea
1235,Graham (R-SC),Yea
1236,Grassley (R-IA),Yea
1237,Harris (D-CA),Yea
1238,Hassan (D-NH),Yea
1239,Hatch (R-UT),Yea
1240,Heinrich (D-NM),Yea
1241,Heitkamp (D-ND),Yea
1242,Heller (R-NV),Yea
1243,Hirono (D-HI),Yea
1244,Hoeven (R-ND),Yea
1245,Hyde-Smith (R-MS),Yea
1246,Inhofe (R-OK),Yea
1247,Isakson (R-GA),Yea
1248,Johnson (R-WI),Yea
1249,Jones (D-AL),Yea
1250,Kaine (D-VA),Yea
1251,Kennedy (R-LA),Yea
1252,King (I-ME),Yea
1253,Klobuchar (D-MN),Yea
1254,Kyl (R-AZ),Yea
1255,Lankford (R-OK),Yea
1256,Leahy (D-VT),Yea
1257,Lee (R-UT),Nay
1258,Manchin (D-WV),Yea
1259,Markey (D-MA),Yea
1260,McCaskill (D-MO),Yea
1261,McConnell (R-KY),Yea
1262,Menendez (D-NJ),Yea
1263,Merkley (D-OR),Yea
1264,Moran (R-KS),Yea
1265,Murkowski (R-AK),Yea
1266,Murphy (D-CT),Yea
1267,Murray (D-WA),Yea
1268,Nelson (D-FL),Yea
1269,Paul (R-KY),Nay
1270,Perdue (R-GA),Yea
1271,Peters (D-MI),Yea
1272,Portman (R-OH),Yea
1273,Reed (D-RI),Yea
1274,Risch (R-ID),Yea
1275,Roberts (R-KS),Yea
1276,Rounds (R-SD),Yea
1277,Rubio (R-FL),Yea
1278,Sanders (I-VT),Yea
1279,Sasse (R-NE),Yea
1280,Schatz (D-HI),Yea
1281,Schumer (D-NY),Yea
1282,Scott (R-SC),Yea
1283,Shaheen (D-NH),Yea
1284,Shelby (R-AL),Yea
1285,Smith (D-MN),Yea
1286,Stabenow (D-MI),Yea
1287,Sullivan (R-AK),Yea
1288,Tester (D-MT),Yea
1289,Thune (R-SD),Yea
1290,Tillis (R-NC),Yea
1291,Toomey (R-PA),Yea
1292,Udall (D-NM),Yea
1293,Van Hollen (D-MD),Yea
1294,Warner (D-VA),Yea
1295,Warren (D-MA),Yea
1296,Whitehouse (D-RI),Yea
1297,Wicker (R-MS),Yea
1298,Wyden (D-OR),Yea
1299,Young (R-IN),Yea
1300,Alexander (R-TN),Yea
1301,Baldwin (D-WI),Yea
1302,Barrasso (R-WY),Nay
1303,Bennet (D-CO),Yea
1304,Blumenthal (D-CT),Yea
1305,Blunt (R-MO),Yea
1306,Booker (D-NJ),Yea
1307,Boozman (R-AR),Yea
1308,Brown (D-OH),Yea
1309,Burr (R-NC),Yea
1310,Cantwell (D-WA),Yea
1311,Capito (R-WV),Yea
1312,Cardin (D-MD),Yea
1313,Carper (D-DE),Yea
1314,Casey (D-PA),Yea
1315,Cassidy (R-LA),Yea
1316,Collins (R-ME),Yea
1317,Coons (D-DE),Yea
1318,Corker (R-TN),Yea
1319,Cornyn (R-TX),Yea
1320,Cortez Masto (D-NV),Yea
1321,Cotton (R-AR),Nay
1322,Crapo (R-ID),Yea
1323,Cruz (R-TX),Yea
1324,Daines (R-MT),Yea
1325,Donnelly (D-IN),Yea
1326,Duckworth (D-IL),Yea
1327,Durbin (D-IL),Yea
1328,Enzi (R-WY),Nay
1329,Ernst (R-IA),Yea
1330,Feinstein (D-CA),Yea
1331,Fischer (R-NE),Yea
1332,Flake (R-AZ),Not Voting
1333,Gardner (R-CO),Yea
1334,Gillibrand (D-NY),Yea
1335,Graham (R-SC),Yea
1336,Grassley (R-IA),Yea
1337,Harris (D-CA),Yea
1338,Hassan (D-NH),Yea
1339,Hatch (R-UT),Yea
1340,Heinrich (D-NM),Yea
1341,Heitkamp (D-ND),Yea
1342,Heller (R-NV),Yea
1343,Hirono (D-HI),Yea
1344,Hoeven (R-ND),Yea
1345,Hyde-Smith (R-MS),Yea
1346,Inhofe (R-OK),Nay
1347,Isakson (R-GA),Yea
1348,Johnson (R-WI),Nay
1349,Jones (D-AL),Yea
1350,Kaine (D-VA),Yea
1351,Kennedy (R-LA),Yea
1352,King (I-ME),Yea
1353,Klobuchar (D-MN),Yea
1354,Lankford (R-OK),Nay
1355,Leahy (D-VT),Yea
1356,Lee (R-UT),Nay
1357,Manchin (D-WV),Yea
1358,Markey (D-MA),Yea
1359,McCain (R-AZ),Not Voting
1360,McCaskill (D-MO),Yea
1361,McConnell (R-KY),Yea
1362,Menendez (D-NJ),Yea
1363,Merkley (D-OR),Yea
1364,Moran (R-KS),Yea
1365,Murkowski (R-AK),Yea
1366,Murphy (D-CT),Yea
1367,Murray (D-WA),Yea
1368,Nelson (D-FL),Yea
1369,Paul (R-KY),Nay
1370,Perdue (R-GA),Yea
1371,Peters (D-MI),Yea
1372,Portman (R-OH),Yea
1373,Reed (D-RI),Yea
1374,Risch (R-ID),Nay
1375,Roberts (R-KS),Yea
1376,Rounds (R-SD),Yea
1377,Rubio (R-FL),Yea
1378,Sanders (I-VT),Yea
1379,Sasse (R-NE),Nay
1380,Schatz (D-HI),Yea
1381,Schumer (D-NY),Yea
1382,Scott (R-SC),Yea
1383,Shaheen (D-NH),Yea
1384,Shelby (R-AL),Nay
1385,Smith (D-MN),Yea
1386,Stabenow (D-MI),Yea
1387,Sullivan (R-AK),Yea
1388,Tester (D-MT),Yea
1389,Thune (R-SD),Yea
1390,Tillis (R-NC),Yea
1391,Toomey (R-PA),Nay
1392,Udall (D-NM),Yea
1393,Van Hollen (D-MD),Yea
1394,Warner (D-VA),Yea
1395,Warren (D-MA),Yea
1396,Whitehouse (D-RI),Yea
1397,Wicker (R-MS),Yea
1398,Wyden (D-OR),Yea
1399,Young (R-IN),Yea
1400,Alexander (R-TN),Yea
1401,Baldwin (D-WI),Yea
1402,Barrasso (R-WY),Yea
1403,Bennet (D-CO),Yea
1404,Blumenthal (D-CT),Yea
1405,Blunt (R-MO),Yea
1406,Booker (D-NJ),Yea
1407,Boozman (R-AR),Yea
1408,Brown (D-OH),Yea
1409,Burr (R-NC),Yea
1410,Cantwell (D-WA),Yea
1411,Capito (R-WV),Yea
1412,Cardin (D-MD),Yea
1413,Carper (D-DE),Yea
1414,Casey (D-PA),Yea
1415,Cassidy (R-LA),Yea
1416,Collins (R-ME),Yea
1417,Coons (D-DE),Yea
1418,Corker (R-TN),Nay
1419,Cornyn (R-TX),Yea
1420,Cortez Masto (D-NV),Yea
1421,Cotton (R-AR),Yea
1422,Crapo (R-ID),Yea
1423,Cruz (R-TX),Yea
1424,Daines (R-MT),Yea
1425,Donnelly (D-IN),Yea
1426,Duckworth (D-IL),Not Voting
1427,Durbin (D-IL),Yea
1428,Enzi (R-WY),Yea
1429,Ernst (R-IA),Yea
1430,Feinstein (D-CA),Yea
1431,Fischer (R-NE),Yea
1432,Flake (R-AZ),Not Voting
1433,Gardner (R-CO),Yea
1434,Gillibrand (D-NY),Yea
1435,Graham (R-SC),Yea
1436,Grassley (R-IA),Yea
1437,Harris (D-CA),Yea
1438,Hassan (D-NH),Yea
1439,Hatch (R-UT),Yea
1440,Heinrich (D-NM),Yea
1441,Heitkamp (D-ND),Yea
1442,Heller (R-NV),Yea
1443,Hirono (D-HI),Yea
1444,Hoeven (R-ND),Yea
1445,Hyde-Smith (R-MS),Yea
1446,Inhofe (R-OK),Yea
1447,Isakson (R-GA),Yea
1448,Johnson (R-WI),Yea
1449,Jones (D-AL),Yea
1450,Kaine (D-VA),Yea
1451,Kennedy (R-LA),Yea
1452,King (I-ME),Yea
1453,Klobuchar (D-MN),Yea
1454,Lankford (R-OK),Yea
1455,Leahy (D-VT),Yea
1456,Lee (R-UT),Yea
1457,Manchin (D-WV),Yea
1458,Markey (D-MA),Yea
1459,McCain (R-AZ),Not Voting
1460,McCaskill (D-MO),Yea
1461,McConnell (R-KY),Yea
1462,Menendez (D-NJ),Yea
1463,Merkley (D-OR),Nay
1464,Moran (R-KS),Yea
1465,Murkowski (R-AK),Yea
1466,Murphy (D-CT),Yea
1467,Murray (D-WA),Yea
1468,Nelson (D-FL),Yea
1469,Paul (R-KY),Yea
1470,Perdue (R-GA),Yea
1471,Peters (D-MI),Yea
1472,Portman (R-OH),Yea
1473,Reed (D-RI),Yea
1474,Risch (R-ID),Yea
1475,Roberts (R-KS),Yea
1476,Rounds (R-SD),Nay
1477,Rubio (R-FL),Yea
1478,Sanders (I-VT),Nay
1479,Sasse (R-NE),Yea
1480,Schatz (D-HI),Nay
1481,Schumer (D-NY),Yea
1482,Scott (R-SC),Yea
1483,Shaheen (D-NH),Yea
1484,Shelby (R-AL),Yea
1485,Smith (D-MN),Yea
1486,Stabenow (D-MI),Yea
1487,Sullivan (R-AK),Yea
1488,Tester (D-MT),Yea
1489,Thune (R-SD),Yea
1490,Tillis (R-NC),Yea
1491,Toomey (R-PA),Yea
1492,Udall (D-NM),Yea
1493,Van Hollen (D-MD),Yea
1494,Warner (D-VA),Yea
1495,Warren (D-MA),Yea
1496,Whitehouse (D-RI),Yea
1497,Wicker (R-MS),Yea
1498,Wyden (D-OR),Yea
1499,Young (R-IN),Yea
1500,Alexander (R-TN),Nay
1501,Baldwin (D-WI),Nay
1502,Barrasso (R-WY),Yea
1503,Bennet (D-CO),Nay
1504,Blumenthal (D-CT),Nay
1505,Blunt (R-MO),Nay
1506,Booker (D-NJ),Not Voting
1507,Boozman (R-AR),Nay
1508,Brown (D-OH),Nay
1509,Burr (R-NC),Nay
1510,Cantwell (D-WA),Nay
1511,Capito (R-WV),Nay
1512,Cardin (D-MD),Nay
1513,Carper (D-DE),Nay
1514,Casey (D-PA),Nay
1515,Cassidy (R-LA),Nay
1516,Collins (R-ME),Nay
1517,Coons (D-DE),Nay
1518,Corker (R-TN),Nay
1519,Cornyn (R-TX),Yea
1520,Cortez Masto (D-NV),Nay
1521,Cotton (R-AR),Nay
1522,Crapo (R-ID),Yea
1523,Cruz (R-TX),Yea
1524,Daines (R-MT),Yea
1525,Donnelly (D-IN),Nay
1526,Duckworth (D-IL),Not Voting
1527,Durbin (D-IL),Nay
1528,Enzi (R-WY),Yea
1529,Ernst (R-IA),Yea
1530,Feinstein (D-CA),Nay
1531,Fischer (R-NE),Yea
1532,Flake (R-AZ),Yea
1533,Gardner (R-CO),Nay
1534,Gillibrand (D-NY),Nay
1535,Graham (R-SC),Nay
1536,Grassley (R-IA),Yea
1537,Harris (D-CA),Nay
1538,Hassan (D-NH),Nay
1539,Hatch (R-UT),Nay
1540,Heinrich (D-NM),Nay
1541,Heitkamp (D-ND),Nay
1542,Heller (R-NV),Nay
1543,Hirono (D-HI),Nay
1544,Hoeven (R-ND),Nay
1545,Hyde-Smith (R-MS),Nay
1546,Inhofe (R-OK),Nay
1547,Isakson (R-GA),Nay
1548,Johnson (R-WI),Yea
1549,Jones (D-AL),Nay
1550,Kaine (D-VA),Nay
1551,Kennedy (R-LA),Yea
1552,King (I-ME),Nay
1553,Klobuchar (D-MN),Nay
1554,Lankford (R-OK),Yea
1555,Leahy (D-VT),Nay
1556,Lee (R-UT),Yea
1557,Manchin (D-WV),Nay
1558,Markey (D-MA),Nay
1559,McCain (R-AZ),Not Voting
1560,McCaskill (D-MO),Nay
1561,McConnell (R-KY),Nay
1562,Menendez (D-NJ),Nay
1563,Merkley (D-OR),Nay
1564,Moran (R-KS),Yea
1565,Murkowski (R-AK),Nay
1566,Murphy (D-CT),Nay
1567,Murray (D-WA),Nay
1568,Nelson (D-FL),Nay
1569,Paul (R-KY),Yea
1570,Perdue (R-GA),Nay
1571,Peters (D-MI),Nay
1572,Portman (R-OH),Nay
1573,Reed (D-RI),Nay
1574,Risch (R-ID),Yea
1575,Roberts (R-KS),Nay
1576,Rounds (R-SD),Nay
1577,Rubio (R-FL),Yea
1578,Sanders (I-VT),Nay
1579,Sasse (R-NE),Yea
1580,Schatz (D-HI),Nay
1581,Schumer (D-NY),Nay
1582,Scott (R-SC),Yea
1583,Shaheen (D-NH),Nay
1584,Shelby (R-AL),Nay
1585,Smith (D-MN),Nay
1586,Stabenow (D-MI),Nay
1587,Sullivan (R-AK),Nay
1588,Tester (D-MT),Nay
1589,Thune (R-SD),Nay
1590,Tillis (R-NC),Nay
1591,Toomey (R-PA),Yea
1592,Udall (D-NM),Nay
1593,Van Hollen (D-MD),Nay
1594,Warner (D-VA),Nay
1595,Warren (D-MA),Nay
1596,Whitehouse (D-RI),Nay
1597,Wicker (R-MS),Nay
1598,Wyden (D-OR),Nay
1599,Young (R-IN),Nay
1600,Alexander (R-TN),Nay
1601,Baldwin (D-WI),Yea
1602,Barrasso (R-WY),Nay
1603,Bennet (D-CO),Yea
1604,Blumenthal (D-CT),Yea
1605,Blunt (R-MO),Nay
1606,Booker (D-NJ),Yea
1607,Boozman (R-AR),Nay
1608,Brown (D-OH),Yea
1609,Burr (R-NC),Nay
1610,Cantwell (D-WA),Yea
1611,Capito (R-WV),Nay
1612,Cardin (D-MD),Yea
1613,Carper (D-DE),Yea
1614,Casey (D-PA),Yea
1615,Cassidy (R-LA),Nay
1616,Collins (R-ME),Yea
1617,Coons (D-DE),Yea
1618,Corker (R-TN),Nay
1619,Cornyn (R-TX),Nay
1620,Cortez Masto (D-NV),Yea
1621,Cotton (R-AR),Nay
1622,Crapo (R-ID),Nay
1623,Cruz (R-TX),Nay
1624,Daines (R-MT),Nay
1625,Donnelly (D-IN),Yea
1626,Duckworth (D-IL),Yea
1627,Durbin (D-IL),Yea
1628,Enzi (R-WY),Nay
1629,Ernst (R-IA),Nay
1630,Feinstein (D-CA),Yea
1631,Fischer (R-NE),Nay
1632,Flake (R-AZ),Nay
1633,Gardner (R-CO),Nay
1634,Gillibrand (D-NY),Yea
1635,Graham (R-SC),Nay
1636,Grassley (R-IA),Nay
1637,Harris (D-CA),Yea
1638,Hassan (D-NH),Yea
1639,Hatch (R-UT),Nay
1640,Heinrich (D-NM),Yea
1641,Heitkamp (D-ND),Yea
1642,Heller (R-NV),Nay
1643,Hirono (D-HI),Yea
1644,Hoeven (R-ND),Nay
1645,Hyde-Smith (R-MS),Nay
1646,Inhofe (R-OK),Nay
1647,Isakson (R-GA),Nay
1648,Johnson (R-WI),Nay
1649,Jones (D-AL),Yea
1650,Kaine (D-VA),Yea
1651,Kennedy (R-LA),Yea
1652,King (I-ME),Yea
1653,Klobuchar (D-MN),Yea
1654,Lankford (R-OK),Nay
1655,Leahy (D-VT),Yea
1656,Lee (R-UT),Nay
1657,Manchin (D-WV),Yea
1658,Markey (D-MA),Yea
1659,McCain (R-AZ),Not Voting
1660,McCaskill (D-MO),Yea
1661,McConnell (R-KY),Nay
1662,Menendez (D-NJ),Yea
1663,Merkley (D-OR),Yea
1664,Moran (R-KS),Nay
1665,Murkowski (R-AK),Yea
1666,Murphy (D-CT),Yea
1667,Murray (D-WA),Yea
1668,Nelson (D-FL),Yea
1669,Paul (R-KY),Nay
1670,Perdue (R-GA),Nay
1671,Peters (D-MI),Yea
1672,Portman (R-OH),Nay
1673,Reed (D-RI),Yea
1674,Risch (R-ID),Nay
1675,Roberts (R-KS),Nay
1676,Rounds (R-SD),Nay
1677,Rubio (R-FL),Nay
1678,Sanders (I-VT),Yea
1679,Sasse (R-NE),Nay
1680,Schatz (D-HI),Yea
1681,Schumer (D-NY),Yea
1682,Scott (R-SC),Nay
1683,Shaheen (D-NH),Yea
1684,Shelby (R-AL),Nay
1685,Smith (D-MN),Yea
1686,Stabenow (D-MI),Yea
1687,Sullivan (R-AK),Nay
1688,Tester (D-MT),Yea
1689,Thune (R-SD),Nay
1690,Tillis (R-NC),Nay
1691,Toomey (R-PA),Nay
1692,Udall (D-NM),Yea
1693,Van Hollen (D-MD),Yea
1694,Warner (D-VA),Yea
1695,Warren (D-MA),Yea
1696,Whitehouse (D-RI),Yea
1697,Wicker (R-MS),Nay
1698,Wyden (D-OR),Yea
1699,Young (R-IN),Nay
1700,Alexander (R-TN),Nay
1701,Baldwin (D-WI),Yea
1702,Barrasso (R-WY),Nay
1703,Bennet (D-CO),Yea
1704,Blumenthal (D-CT),Yea
1705,Blunt (R-MO),Nay
1706,Booker (D-NJ),Yea
1707,Boozman (R-AR),Nay
1708,Brown (D-OH),Yea
1709,Burr (R-NC),Nay
1710,Cantwell (D-WA),Yea
1711,Capito (R-WV),Nay
1712,Cardin (D-MD),Yea
1713,Carper (D-DE),Yea
1714,Casey (D-PA),Yea
1715,Cassidy (R-LA),Nay
1716,Collins (R-ME),Yea
1717,Coons (D-DE),Yea
1718,Corker (R-TN),Nay
1719,Cornyn (R-TX),Nay
1720,Cortez Masto (D-NV),Yea
1721,Cotton (R-AR),Nay
1722,Crapo (R-ID),Nay
1723,Cruz (R-TX),Nay
1724,Daines (R-MT),Nay
1725,Donnelly (D-IN),Yea
1726,Duckworth (D-IL),Yea
1727,Durbin (D-IL),Yea
1728,Enzi (R-WY),Nay
1729,Ernst (R-IA),Nay
1730,Feinstein (D-CA),Yea
1731,Fischer (R-NE),Nay
1732,Flake (R-AZ),Nay
1733,Gardner (R-CO),Nay
1734,Gillibrand (D-NY),Yea
1735,Graham (R-SC),Nay
1736,Grassley (R-IA),Nay
1737,Harris (D-CA),Yea
1738,Hassan (D-NH),Yea
1739,Hatch (R-UT),Nay
1740,Heinrich (D-NM),Yea
1741,Heitkamp (D-ND),Yea
1742,Heller (R-NV),Nay
1743,Hirono (D-HI),Yea
1744,Hoeven (R-ND),Nay
1745,Hyde-Smith (R-MS),Nay
1746,Inhofe (R-OK),Nay
1747,Isakson (R-GA),Nay
1748,Johnson (R-WI),Nay
1749,Jones (D-AL),Yea
1750,Kaine (D-VA),Yea
1751,Kennedy (R-LA),Yea
1752,King (I-ME),Yea
1753,Klobuchar (D-MN),Yea
1754,Lankford (R-OK),Nay
1755,Leahy (D-VT),Yea
1756,Lee (R-UT),Nay
1757,Manchin (D-WV),Yea
1758,Markey (D-MA),Yea
1759,McCain (R-AZ),Not Voting
1760,McCaskill (D-MO),Yea
1761,McConnell (R-KY),Nay
1762,Menendez (D-NJ),Yea
1763,Merkley (D-OR),Yea
1764,Moran (R-KS),Nay
1765,Murkowski (R-AK),Yea
1766,Murphy (D-CT),Yea
1767,Murray (D-WA),Yea
1768,Nelson (D-FL),Yea
1769,Paul (R-KY),Nay
1770,Perdue (R-GA),Nay
1771,Peters (D-MI),Yea
1772,Portman (R-OH),Nay
1773,Reed (D-RI),Yea
1774,Risch (R-ID),Nay
1775,Roberts (R-KS),Nay
1776,Rounds (R-SD),Nay
1777,Rubio (R-FL),Nay
1778,Sanders (I-VT),Yea
1779,Sasse (R-NE),Nay
1780,Schatz (D-HI),Yea
1781,Schumer (D-NY),Yea
1782,Scott (R-SC),Nay
1783,Shaheen (D-NH),Yea
1784,Shelby (R-AL),Nay
1785,Smith (D-MN),Yea
1786,Stabenow (D-MI),Yea
1787,Sullivan (R-AK),Nay
1788,Tester (D-MT),Yea
1789,Thune (R-SD),Nay
1790,Tillis (R-NC),Nay
1791,Toomey (R-PA),Nay
1792,Udall (D-NM),Yea
1793,Van Hollen (D-MD),Yea
1794,Warner (D-VA),Yea
1795,Warren (D-MA),Yea
1796,Whitehouse (D-RI),Yea
1797,Wicker (R-MS),Nay
1798,Wyden (D-OR),Yea
1799,Young (R-IN),Nay
1800,Alexander (R-TN),Yea
1801,Baldwin (D-WI),Nay
1802,Barrasso (R-WY),Yea
1803,Bennet (D-CO),Nay
1804,Blumenthal (D-CT),Nay
1805,Blunt (R-MO),Yea
1806,Booker (D-NJ),Nay
1807,Boozman (R-AR),Yea
1808,Brown (D-OH),Nay
1809,Burr (R-NC),Yea
1810,Cantwell (D-WA),Nay
1811,Capito (R-WV),Yea
1812,Cardin (D-MD),Nay
1813,Carper (D-DE),Nay
1814,Casey (D-PA),Nay
1815,Cassidy (R-LA),Yea
1816,Collins (R-ME),Yea
1817,Coons (D-DE),Nay
1818,Corker (R-TN),Yea
1819,Cornyn (R-TX),Yea
1820,Cortez Masto (D-NV),Nay
1821,Cotton (R-AR),Yea
1822,Crapo (R-ID),Yea
1823,Cruz (R-TX),Yea
1824,Daines (R-MT),Yea
1825,Donnelly (D-IN),Nay
1826,Duckworth (D-IL),Not Voting
1827,Durbin (D-IL),Nay
1828,Enzi (R-WY),Yea
1829,Ernst (R-IA),Yea
1830,Feinstein (D-CA),Nay
1831,Fischer (R-NE),Yea
1832,Flake (R-AZ),Yea
1833,Gardner (R-CO),Yea
1834,Gillibrand (D-NY),Nay
1835,Graham (R-SC),Yea
1836,Grassley (R-IA),Yea
1837,Harris (D-CA),Nay
1838,Hassan (D-NH),Nay
1839,Hatch (R-UT),Yea
1840,Heinrich (D-NM),Nay
1841,Heitkamp (D-ND),Nay
1842,Heller (R-NV),Yea
1843,Hirono (D-HI),Nay
1844,Hoeven (R-ND),Yea
1845,Hyde-Smith (R-MS),Yea
1846,Inhofe (R-OK),Yea
1847,Isakson (R-GA),Yea
1848,Johnson (R-WI),Yea
1849,Jones (D-AL),Nay
1850,Kaine (D-VA),Nay
1851,Kennedy (R-LA),Yea
1852,King (I-ME),Nay
1853,Klobuchar (D-MN),Nay
1854,Lankford (R-OK),Yea
1855,Leahy (D-VT),Nay
1856,Lee (R-UT),Yea
1857,Manchin (D-WV),Yea
1858,Markey (D-MA),Nay
1859,McCain (R-AZ),Not Voting
1860,McCaskill (D-MO),Nay
1861,McConnell (R-KY),Yea
1862,Menendez (D-NJ),Nay
1863,Merkley (D-OR),Nay
1864,Moran (R-KS),Yea
1865,Murkowski (R-AK),Yea
1866,Murphy (D-CT),Nay
1867,Murray (D-WA),Nay
1868,Nelson (D-FL),Nay
1869,Paul (R-KY),Yea
1870,Perdue (R-GA),Yea
1871,Peters (D-MI),Nay
1872,Portman (R-OH),Yea
1873,Reed (D-RI),Nay
1874,Risch (R-ID),Yea
1875,Roberts (R-KS),Yea
1876,Rounds (R-SD),Yea
1877,Rubio (R-FL),Yea
1878,Sanders (I-VT),Nay
1879,Sasse (R-NE),Yea
1880,Schatz (D-HI),Nay
1881,Schumer (D-NY),Nay
1882,Scott (R-SC),Yea
1883,Shaheen (D-NH),Nay
1884,Shelby (R-AL),Yea
1885,Smith (D-MN),Nay
1886,Stabenow (D-MI),Nay
1887,Sullivan (R-AK),Yea
1888,Tester (D-MT),Nay
1889,Thune (R-SD),Yea
1890,Tillis (R-NC),Yea
1891,Toomey (R-PA),Yea
1892,Udall (D-NM),Nay
1893,Van Hollen (D-MD),Nay
1894,Warner (D-VA),Nay
1895,Warren (D-MA),Nay
1896,Whitehouse (D-RI),Nay
1897,Wicker (R-MS),Yea
1898,Wyden (D-OR),Nay
1899,Young (R-IN),Yea
1900,Alexander (R-TN),Yea
1901,Baldwin (D-WI),Nay
1902,Barrasso (R-WY),Yea
1903,Bennet (D-CO),Nay
1904,Blumenthal (D-CT),Nay
1905,Blunt (R-MO),Yea
1906,Booker (D-NJ),Nay
1907,Boozman (R-AR),Yea
1908,Brown (D-OH),Nay
1909,Burr (R-NC),Yea
1910,Cantwell (D-WA),Nay
1911,Capito (R-WV),Yea
1912,Cardin (D-MD),Nay
1913,Carper (D-DE),Nay
1914,Casey (D-PA),Nay
1915,Cassidy (R-LA),Yea
1916,Collins (R-ME),Yea
1917,Coons (D-DE),Nay
1918,Corker (R-TN),Yea
1919,Cornyn (R-TX),Yea
1920,Cortez Masto (D-NV),Nay
1921,Cotton (R-AR),Yea
1922,Crapo (R-ID),Yea
1923,Cruz (R-TX),Yea
1924,Daines (R-MT),Yea
1925,Donnelly (D-IN),Nay
1926,Duckworth (D-IL),Not Voting
1927,Durbin (D-IL),Nay
1928,Enzi (R-WY),Yea
1929,Ernst (R-IA),Yea
1930,Feinstein (D-CA),Nay
1931,Fischer (R-NE),Yea
1932,Flake (R-AZ),Yea
1933,Gardner (R-CO),Yea
1934,Gillibrand (D-NY),Nay
1935,Graham (R-SC),Yea
1936,Grassley (R-IA),Yea
1937,Harris (D-CA),Nay
1938,Hassan (D-NH),Nay
1939,Hatch (R-UT),Yea
1940,Heinrich (D-NM),Nay
1941,Heitkamp (D-ND),Nay
1942,Heller (R-NV),Yea
1943,Hirono (D-HI),Nay
1944,Hoeven (R-ND),Yea
1945,Hyde-Smith (R-MS),Yea
1946,Inhofe (R-OK),Yea
1947,Isakson (R-GA),Yea
1948,Johnson (R-WI),Yea
1949,Jones (D-AL),Nay
1950,Kaine (D-VA),Nay
1951,Kennedy (R-LA),Yea
1952,King (I-ME),Nay
1953,Klobuchar (D-MN),Nay
1954,Lankford (R-OK),Yea
1955,Leahy (D-VT),Nay
1956,Lee (R-UT),Yea
1957,Manchin (D-WV),Yea
1958,Markey (D-MA),Nay
1959,McCain (R-AZ),Not Voting
1960,McCaskill (D-MO),Nay
1961,McConnell (R-KY),Yea
1962,Menendez (D-NJ),Nay
1963,Merkley (D-OR),Nay
1964,Moran (R-KS),Yea
1965,Murkowski (R-AK),Yea
1966,Murphy (D-CT),Nay
1967,Murray (D-WA),Nay
1968,Nelson (D-FL),Nay
1969,Paul (R-KY),Yea
1970,Perdue (R-GA),Yea
1971,Peters (D-MI),Nay
1972,Portman (R-OH),Yea
1973,Reed (D-RI),Nay
1974,Risch (R-ID),Yea
1975,Roberts (R-KS),Yea
1976,Rounds (R-SD),Yea
1977,Rubio (R-FL),Yea
1978,Sanders (I-VT),Nay
1979,Sasse (R-NE),Yea
1980,Schatz (D-HI),Nay
1981,Schumer (D-NY),Nay
1982,Scott (R-SC),Yea
1983,Shaheen (D-NH),Nay
1984,Shelby (R-AL),Yea
1985,Smith (D-MN),Nay
1986,Stabenow (D-MI),Nay
1987,Sullivan (R-AK),Yea
1988,Tester (D-MT),Nay
1989,Thune (R-SD),Yea
1990,Tillis (R-NC),Not Voting
1991,Toomey (R-PA),Yea
1992,Udall (D-NM),Nay
1993,Van Hollen (D-MD),Nay
1994,Warner (D-VA),Nay
1995,Warren (D-MA),Nay
1996,Whitehouse (D-RI),Nay
1997,Wicker (R-MS),Yea
1998,Wyden (D-OR),Nay
1999,Young (R-IN),Yea
2000,Alexander (R-TN),Yea
2001,Baldwin (D-WI),Yea
2002,Barrasso (R-WY),Yea
2003,Bennet (D-CO),Nay
2004,Blumenthal (D-CT),Nay
2005,Blunt (R-MO),Yea
2006,Booker (D-NJ),Nay
2007,Boozman (R-AR),Yea
2008,Brown (D-OH),Nay
2009,Burr (R-NC),Yea
2010,Cantwell (D-WA),Nay
2011,Capito (R-WV),Yea
2012,Cardin (D-MD),Nay
2013,Carper (D-DE),Nay
2014,Casey (D-PA),Nay
2015,Cassidy (R-LA),Yea
2016,Collins (R-ME),Yea
2017,Coons (D-DE),Nay
2018,Corker (R-TN),Yea
2019,Cornyn (R-TX),Yea
2020,Cortez Masto (D-NV),Nay
2021,Cotton (R-AR),Yea
2022,Crapo (R-ID),Yea
2023,Cruz (R-TX),Yea
2024,Daines (R-MT),Yea
2025,Donnelly (D-IN),Nay
2026,Duckworth (D-IL),Not Voting
2027,Durbin (D-IL),Nay
2028,Enzi (R-WY),Yea
2029,Ernst (R-IA),Yea
2030,Feinstein (D-CA),Nay
2031,Fischer (R-NE),Yea
2032,Flake (R-AZ),Yea
2033,Gardner (R-CO),Yea
2034,Gillibrand (D-NY),Nay
2035,Graham (R-SC),Yea
2036,Grassley (R-IA),Yea
2037,Harris (D-CA),Nay
2038,Hassan (D-NH),Nay
2039,Hatch (R-UT),Yea
2040,Heinrich (D-NM),Yea
2041,Heitkamp (D-ND),Yea
2042,Heller (R-NV),Yea
2043,Hirono (D-HI),Nay
2044,Hoeven (R-ND),Yea
2045,Hyde-Smith (R-MS),Yea
2046,Inhofe (R-OK),Yea
2047,Isakson (R-GA),Yea
2048,Johnson (R-WI),Yea
2049,Jones (D-AL),Nay
2050,Kaine (D-VA),Yea
2051,Kennedy (R-LA),Yea
2052,King (I-ME),Yea
2053,Klobuchar (D-MN),Nay
2054,Lankford (R-OK),Yea
2055,Leahy (D-VT),Nay
2056,Lee (R-UT),Yea
2057,Manchin (D-WV),Nay
2058,Markey (D-MA),Nay
2059,McCain (R-AZ),Not Voting
2060,McCaskill (D-MO),Nay
2061,McConnell (R-KY),Yea
2062,Menendez (D-NJ),Nay
2063,Merkley (D-OR),Nay
2064,Moran (R-KS),Yea
2065,Murkowski (R-AK),Yea
2066,Murphy (D-CT),Nay
2067,Murray (D-WA),Nay
2068,Nelson (D-FL),Nay
2069,Paul (R-KY),Yea
2070,Perdue (R-GA),Yea
2071,Peters (D-MI),Nay
2072,Portman (R-OH),Nay
2073,Reed (D-RI),Nay
2074,Risch (R-ID),Yea
2075,Roberts (R-KS),Yea
2076,Rounds (R-SD),Yea
2077,Rubio (R-FL),Not Voting
2078,Sanders (I-VT),Nay
2079,Sasse (R-NE),Yea
2080,Schatz (D-HI),Nay
2081,Schumer (D-NY),Nay
2082,Scott (R-SC),Yea
2083,Shaheen (D-NH),Nay
2084,Shelby (R-AL),Yea
2085,Smith (D-MN),Nay
2086,Stabenow (D-MI),Nay
2087,Sullivan (R-AK),Yea
2088,Tester (D-MT),Yea
2089,Thune (R-SD),Yea
2090,Tillis (R-NC),Not Voting
2091,Toomey (R-PA),Yea
2092,Udall (D-NM),Yea
2093,Van Hollen (D-MD),Nay
2094,Warner (D-VA),Yea
2095,Warren (D-MA),Nay
2096,Whitehouse (D-RI),Nay
2097,Wicker (R-MS),Yea
2098,Wyden (D-OR),Nay
2099,Young (R-IN),Yea
2100,Alexander (R-TN),Yea
2101,Baldwin (D-WI),Nay
2102,Barrasso (R-WY),Yea
2103,Bennet (D-CO),Nay
2104,Blumenthal (D-CT),Nay
2105,Blunt (R-MO),Yea
2106,Booker (D-NJ),Nay
2107,Boozman (R-AR),Yea
2108,Brown (D-OH),Nay
2109,Burr (R-NC),Yea
2110,Cantwell (D-WA),Nay
2111,Capito (R-WV),Yea
2112,Cardin (D-MD),Nay
2113,Carper (D-DE),Nay
2114,Casey (D-PA),Nay
2115,Cassidy (R-LA),Yea
2116,Cochran (R-MS),Yea
2117,Collins (R-ME),Nay
2118,Coons (D-DE),Yea
2119,Corker (R-TN),Yea
2120,Cornyn (R-TX),Yea
2121,Cortez Masto (D-NV),Yea
2122,Cotton (R-AR),Yea
2123,Crapo (R-ID),Yea
2124,Cruz (R-TX),Yea
2125,Daines (R-MT),Nay
2126,Donnelly (D-IN),Yea
2127,Duckworth (D-IL),Nay
2128,Durbin (D-IL),Nay
2129,Enzi (R-WY),Yea
2130,Ernst (R-IA),Yea
2131,Feinstein (D-CA),Nay
2132,Fischer (R-NE),Yea
2133,Flake (R-AZ),Yea
2134,Gardner (R-CO),Yea
2135,Gillibrand (D-NY),Nay
2136,Graham (R-SC),Yea
2137,Grassley (R-IA),Yea
2138,Harris (D-CA),Nay
2139,Hassan (D-NH),Nay
2140,Hatch (R-UT),Yea
2141,Heinrich (D-NM),Nay
2142,Heitkamp (D-ND),Yea
2143,Heller (R-NV),Yea
2144,Hirono (D-HI),Nay
2145,Hoeven (R-ND),Yea
2146,Inhofe (R-OK),Yea
2147,Isakson (R-GA),Yea
2148,Johnson (R-WI),Yea
2149,Jones (D-AL),Yea
2150,Kaine (D-VA),Nay
2151,Kennedy (R-LA),Yea
2152,King (I-ME),Nay
2153,Klobuchar (D-MN),Nay
2154,Lankford (R-OK),Yea
2155,Leahy (D-VT),Nay
2156,Lee (R-UT),Nay
2157,Manchin (D-WV),Yea
2158,Markey (D-MA),Nay
2159,McCain (R-AZ),Not Voting
2160,McCaskill (D-MO),Nay
2161,McConnell (R-KY),Yea
2162,Menendez (D-NJ),Yea
2163,Merkley (D-OR),Nay
2164,Moran (R-KS),Nay
2165,Murkowski (R-AK),Yea
2166,Murphy (D-CT),Nay
2167,Murray (D-WA),Nay
2168,Nelson (D-FL),Yea
2169,Paul (R-KY),Nay
2170,Perdue (R-GA),Yea
2171,Peters (D-MI),Nay
2172,Portman (R-OH),Yea
2173,Reed (D-RI),Yea
2174,Risch (R-ID),Yea
2175,Roberts (R-KS),Yea
2176,Rounds (R-SD),Yea
2177,Rubio (R-FL),Yea
2178,Sanders (I-VT),Nay
2179,Sasse (R-NE),Yea
2180,Schatz (D-HI),Nay
2181,Schumer (D-NY),Nay
2182,Scott (R-SC),Yea
2183,Shaheen (D-NH),Nay
2184,Shelby (R-AL),Yea
2185,Smith (D-MN),Nay
2186,Stabenow (D-MI),Nay
2187,Sullivan (R-AK),Yea
2188,Tester (D-MT),Nay
2189,Thune (R-SD),Yea
2190,Tillis (R-NC),Yea
2191,Toomey (R-PA),Yea
2192,Udall (D-NM),Nay
2193,Van Hollen (D-MD),Nay
2194,Warner (D-VA),Nay
2195,Warren (D-MA),Nay
2196,Whitehouse (D-RI),Yea
2197,Wicker (R-MS),Yea
2198,Wyden (D-OR),Nay
2199,Young (R-IN),Yea
2200,Alexander (R-TN),Yea
2201,Baldwin (D-WI),Nay
2202,Barrasso (R-WY),Yea
2203,Bennet (D-CO),Yea
2204,Blumenthal (D-CT),Nay
2205,Blunt (R-MO),Yea
2206,Booker (D-NJ),Nay
2207,Boozman (R-AR),Yea
2208,Brown (D-OH),Nay
2209,Burr (R-NC),Yea
2210,Cantwell (D-WA),Nay
2211,Capito (R-WV),Yea
2212,Cardin (D-MD),Nay
2213,Carper (D-DE),Yea
2214,Casey (D-PA),Nay
2215,Cassidy (R-LA),Yea
2216,Cochran (R-MS),Yea
2217,Collins (R-ME),Yea
2218,Coons (D-DE),Yea
2219,Corker (R-TN),Yea
2220,Cornyn (R-TX),Yea
2221,Cortez Masto (D-NV),Nay
2222,Cotton (R-AR),Yea
2223,Crapo (R-ID),Yea
2224,Cruz (R-TX),Yea
2225,Daines (R-MT),Yea
2226,Donnelly (D-IN),Yea
2227,Duckworth (D-IL),Nay
2228,Durbin (D-IL),Nay
2229,Enzi (R-WY),Yea
2230,Ernst (R-IA),Yea
2231,Feinstein (D-CA),Nay
2232,Fischer (R-NE),Yea
2233,Flake (R-AZ),Yea
2234,Gardner (R-CO),Yea
2235,Gillibrand (D-NY),Nay
2236,Graham (R-SC),Yea
2237,Grassley (R-IA),Yea
2238,Harris (D-CA),Nay
2239,Hassan (D-NH),Yea
2240,Hatch (R-UT),Yea
2241,Heinrich (D-NM),Not Voting
2242,Heitkamp (D-ND),Yea
2243,Heller (R-NV),Yea
2244,Hirono (D-HI),Nay
2245,Hoeven (R-ND),Yea
2246,Inhofe (R-OK),Yea
2247,Isakson (R-GA),Yea
2248,Johnson (R-WI),Yea
2249,Jones (D-AL),Yea
2250,Kaine (D-VA),Yea
2251,Kennedy (R-LA),Yea
2252,King (I-ME),Yea
2253,Klobuchar (D-MN),Nay
2254,Lankford (R-OK),Yea
2255,Leahy (D-VT),Nay
2256,Lee (R-UT),Yea
2257,Manchin (D-WV),Yea
2258,Markey (D-MA),Nay
2259,McCain (R-AZ),Not Voting
2260,McCaskill (D-MO),Yea
2261,McConnell (R-KY),Yea
2262,Menendez (D-NJ),Nay
2263,Merkley (D-OR),Nay
2264,Moran (R-KS),Yea
2265,Murkowski (R-AK),Yea
2266,Murphy (D-CT),Nay
2267,Murray (D-WA),Nay
2268,Nelson (D-FL),Yea
2269,Paul (R-KY),Yea
2270,Perdue (R-GA),Yea
2271,Peters (D-MI),Yea
2272,Portman (R-OH),Yea
2273,Reed (D-RI),Nay
2274,Risch (R-ID),Yea
2275,Roberts (R-KS),Yea
2276,Rounds (R-SD),Yea
2277,Rubio (R-FL),Yea
2278,Sanders (I-VT),Nay
2279,Sasse (R-NE),Yea
2280,Schatz (D-HI),Nay
2281,Schumer (D-NY),Nay
2282,Scott (R-SC),Yea
2283,Shaheen (D-NH),Yea
2284,Shelby (R-AL),Yea
2285,Smith (D-MN),Nay
2286,Stabenow (D-MI),Yea
2287,Sullivan (R-AK),Yea
2288,Tester (D-MT),Yea
2289,Thune (R-SD),Yea
2290,Tillis (R-NC),Yea
2291,Toomey (R-PA),Yea
2292,Udall (D-NM),Nay
2293,Van Hollen (D-MD),Nay
2294,Warner (D-VA),Yea
2295,Warren (D-MA),Nay
2296,Whitehouse (D-RI),Nay
2297,Wicker (R-MS),Yea
2298,Wyden (D-OR),Nay
2299,Young (R-IN),Yea
2300,Alexander (R-TN),Yea
2301,Baldwin (D-WI),Nay
2302,Barrasso (R-WY),Yea
2303,Bennet (D-CO),Yea
2304,Blumenthal (D-CT),Nay
2305,Blunt (R-MO),Yea
2306,Booker (D-NJ),Nay
2307,Boozman (R-AR),Yea
2308,Brown (D-OH),Nay
2309,Burr (R-NC),Yea
2310,Cantwell (D-WA),Nay
2311,Capito (R-WV),Yea
2312,Cardin (D-MD),Nay
2313,Carper (D-DE),Yea
2314,Casey (D-PA),Nay
2315,Cassidy (R-LA),Yea
2316,Cochran (R-MS),Yea
2317,Collins (R-ME),Yea
2318,Coons (D-DE),Yea
2319,Corker (R-TN),Yea
2320,Cornyn (R-TX),Yea
2321,Cortez Masto (D-NV),Nay
2322,Cotton (R-AR),Yea
2323,Crapo (R-ID),Yea
2324,Cruz (R-TX),Yea
2325,Daines (R-MT),Yea
2326,Donnelly (D-IN),Yea
2327,Duckworth (D-IL),Nay
2328,Durbin (D-IL),Nay
2329,Enzi (R-WY),Yea
2330,Ernst (R-IA),Yea
2331,Feinstein (D-CA),Nay
2332,Fischer (R-NE),Yea
2333,Flake (R-AZ),Yea
2334,Gardner (R-CO),Yea
2335,Gillibrand (D-NY),Nay
2336,Graham (R-SC),Yea
2337,Grassley (R-IA),Yea
2338,Harris (D-CA),Nay
2339,Hassan (D-NH),Yea
2340,Hatch (R-UT),Yea
2341,Heinrich (D-NM),Not Voting
2342,Heitkamp (D-ND),Yea
2343,Heller (R-NV),Yea
2344,Hirono (D-HI),Nay
2345,Hoeven (R-ND),Yea
2346,Inhofe (R-OK),Yea
2347,Isakson (R-GA),Yea
2348,Johnson (R-WI),Yea
2349,Jones (D-AL),Yea
2350,Kaine (D-VA),Yea
2351,Kennedy (R-LA),Yea
2352,King (I-ME),Yea
2353,Klobuchar (D-MN),Nay
2354,Lankford (R-OK),Yea
2355,Leahy (D-VT),Nay
2356,Lee (R-UT),Yea
2357,Manchin (D-WV),Yea
2358,Markey (D-MA),Nay
2359,McCain (R-AZ),Not Voting
2360,McCaskill (D-MO),Yea
2361,McConnell (R-KY),Yea
2362,Menendez (D-NJ),Nay
2363,Merkley (D-OR),Nay
2364,Moran (R-KS),Yea
2365,Murkowski (R-AK),Yea
2366,Murphy (D-CT),Nay
2367,Murray (D-WA),Nay
2368,Nelson (D-FL),Yea
2369,Paul (R-KY),Yea
2370,Perdue (R-GA),Yea
2371,Peters (D-MI),Yea
2372,Portman (R-OH),Yea
2373,Reed (D-RI),Nay
2374,Risch (R-ID),Yea
2375,Roberts (R-KS),Yea
2376,Rounds (R-SD),Yea
2377,Rubio (R-FL),Yea
2378,Sanders (I-VT),Nay
2379,Sasse (R-NE),Yea
2380,Schatz (D-HI),Nay
2381,Schumer (D-NY),Nay
2382,Scott (R-SC),Yea
2383,Shaheen (D-NH),Yea
2384,Shelby (R-AL),Yea
2385,Smith (D-MN),Nay
2386,Stabenow (D-MI),Yea
2387,Sullivan (R-AK),Yea
2388,Tester (D-MT),Yea
2389,Thune (R-SD),Yea
2390,Tillis (R-NC),Yea
2391,Toomey (R-PA),Yea
2392,Udall (D-NM),Nay
2393,Van Hollen (D-MD),Nay
2394,Warner (D-VA),Yea
2395,Warren (D-MA),Nay
2396,Whitehouse (D-RI),Nay
2397,Wicker (R-MS),Yea
2398,Wyden (D-OR),Nay
2399,Young (R-IN),Yea
2400,Alexander (R-TN),Yea
2401,Baldwin (D-WI),Not Voting
2402,Barrasso (R-WY),Yea
2403,Bennet (D-CO),Nay
2404,Blumenthal (D-CT),Nay
2405,Blunt (R-MO),Yea
2406,Booker (D-NJ),Nay
2407,Boozman (R-AR),Yea
2408,Brown (D-OH),Nay
2409,Burr (R-NC),Yea
2410,Cantwell (D-WA),Nay
2411,Capito (R-WV),Yea
2412,Cardin (D-MD),Nay
2413,Carper (D-DE),Nay
2414,Casey (D-PA),Yea
2415,Cassidy (R-LA),Yea
2416,Cochran (R-MS),Yea
2417,Collins (R-ME),Nay
2418,Coons (D-DE),Nay
2419,Corker (R-TN),Yea
2420,Cornyn (R-TX),Yea
2421,Cortez Masto (D-NV),Nay
2422,Cotton (R-AR),Yea
2423,Crapo (R-ID),Yea
2424,Cruz (R-TX),Yea
2425,Daines (R-MT),Yea
2426,Donnelly (D-IN),Yea
2427,Duckworth (D-IL),Nay
2428,Durbin (D-IL),Nay
2429,Enzi (R-WY),Yea
2430,Ernst (R-IA),Yea
2431,Feinstein (D-CA),Nay
2432,Fischer (R-NE),Yea
2433,Flake (R-AZ),Yea
2434,Gardner (R-CO),Yea
2435,Gillibrand (D-NY),Nay
2436,Graham (R-SC),Yea
2437,Grassley (R-IA),Yea
2438,Harris (D-CA),Nay
2439,Hassan (D-NH),Nay
2440,Hatch (R-UT),Yea
2441,Heinrich (D-NM),Nay
2442,Heitkamp (D-ND),Nay
2443,Heller (R-NV),Yea
2444,Hirono (D-HI),Nay
2445,Hoeven (R-ND),Yea
2446,Inhofe (R-OK),Yea
2447,Isakson (R-GA),Yea
2448,Johnson (R-WI),Yea
2449,Jones (D-AL),Nay
2450,Kaine (D-VA),Nay
2451,Kennedy (R-LA),Yea
2452,King (I-ME),Nay
2453,Klobuchar (D-MN),Nay
2454,Lankford (R-OK),Yea
2455,Leahy (D-VT),Nay
2456,Lee (R-UT),Yea
2457,Manchin (D-WV),Yea
2458,Markey (D-MA),Nay
2459,McCain (R-AZ),Not Voting
2460,McCaskill (D-MO),Nay
2461,McConnell (R-KY),Yea
2462,Menendez (D-NJ),Nay
2463,Merkley (D-OR),Nay
2464,Moran (R-KS),Yea
2465,Murkowski (R-AK),Nay
2466,Murphy (D-CT),Nay
2467,Murray (D-WA),Nay
2468,Nelson (D-FL),Not Voting
2469,Paul (R-KY),Yea
2470,Perdue (R-GA),Yea
2471,Peters (D-MI),Nay
2472,Portman (R-OH),Yea
2473,Reed (D-RI),Nay
2474,Risch (R-ID),Yea
2475,Roberts (R-KS),Yea
2476,Rounds (R-SD),Yea
2477,Rubio (R-FL),Yea
2478,Sanders (I-VT),Nay
2479,Sasse (R-NE),Yea
2480,Schatz (D-HI),Nay
2481,Schumer (D-NY),Nay
2482,Scott (R-SC),Yea
2483,Shaheen (D-NH),Nay
2484,Shelby (R-AL),Yea
2485,Smith (D-MN),Nay
2486,Stabenow (D-MI),Nay
2487,Sullivan (R-AK),Yea
2488,Tester (D-MT),Nay
2489,Thune (R-SD),Yea
2490,Tillis (R-NC),Yea
2491,Toomey (R-PA),Yea
2492,Udall (D-NM),Nay
2493,Van Hollen (D-MD),Nay
2494,Warner (D-VA),Nay
2495,Warren (D-MA),Nay
2496,Whitehouse (D-RI),Nay
2497,Wicker (R-MS),Yea
2498,Wyden (D-OR),Nay
2499,Young (R-IN),Yea
2500,Alexander (R-TN),Yea
2501,Baldwin (D-WI),Nay
2502,Barrasso (R-WY),Yea
2503,Bennet (D-CO),Nay
2504,Blumenthal (D-CT),Nay
2505,Blunt (R-MO),Yea
2506,Booker (D-NJ),Nay
2507,Boozman (R-AR),Yea
2508,Brown (D-OH),Nay
2509,Burr (R-NC),Yea
2510,Cantwell (D-WA),Nay
2511,Capito (R-WV),Yea
2512,Cardin (D-MD),Nay
2513,Carper (D-DE),Yea
2514,Casey (D-PA),Yea
2515,Cassidy (R-LA),Yea
2516,Cochran (R-MS),Yea
2517,Collins (R-ME),Yea
2518,Coons (D-DE),Nay
2519,Corker (R-TN),Yea
2520,Cornyn (R-TX),Yea
2521,Cortez Masto (D-NV),Yea
2522,Cotton (R-AR),Yea
2523,Crapo (R-ID),Yea
2524,Cruz (R-TX),Yea
2525,Daines (R-MT),Nay
2526,Donnelly (D-IN),Yea
2527,Duckworth (D-IL),Yea
2528,Durbin (D-IL),Nay
2529,Enzi (R-WY),Yea
2530,Ernst (R-IA),Yea
2531,Feinstein (D-CA),Yea
2532,Fischer (R-NE),Yea
2533,Flake (R-AZ),Yea
2534,Gardner (R-CO),Nay
2535,Gillibrand (D-NY),Nay
2536,Graham (R-SC),Yea
2537,Grassley (R-IA),Yea
2538,Harris (D-CA),Nay
2539,Hassan (D-NH),Yea
2540,Hatch (R-UT),Yea
2541,Heinrich (D-NM),Nay
2542,Heitkamp (D-ND),Yea
2543,Heller (R-NV),Nay
2544,Hirono (D-HI),Nay
2545,Hoeven (R-ND),Yea
2546,Inhofe (R-OK),Yea
2547,Isakson (R-GA),Yea
2548,Johnson (R-WI),Yea
2549,Jones (D-AL),Yea
2550,Kaine (D-VA),Yea
2551,Kennedy (R-LA),Yea
2552,King (I-ME),Yea
2553,Klobuchar (D-MN),Yea
2554,Lankford (R-OK),Yea
2555,Leahy (D-VT),Nay
2556,Lee (R-UT),Nay
2557,Manchin (D-WV),Yea
2558,Markey (D-MA),Nay
2559,McCain (R-AZ),Not Voting
2560,McCaskill (D-MO),Yea
2561,McConnell (R-KY),Yea
2562,Menendez (D-NJ),Nay
2563,Merkley (D-OR),Nay
2564,Moran (R-KS),Yea
2565,Murkowski (R-AK),Nay
2566,Murphy (D-CT),Nay
2567,Murray (D-WA),Nay
2568,Nelson (D-FL),Yea
2569,Paul (R-KY),Nay
2570,Perdue (R-GA),Yea
2571,Peters (D-MI),Yea
2572,Portman (R-OH),Yea
2573,Reed (D-RI),Yea
2574,Risch (R-ID),Yea
2575,Roberts (R-KS),Yea
2576,Rounds (R-SD),Yea
2577,Rubio (R-FL),Yea
2578,Sanders (I-VT),Nay
2579,Sasse (R-NE),Yea
2580,Schatz (D-HI),Nay
2581,Schumer (D-NY),Yea
2582,Scott (R-SC),Yea
2583,Shaheen (D-NH),Yea
2584,Shelby (R-AL),Yea
2585,Smith (D-MN),Nay
2586,Stabenow (D-MI),Yea
2587,Sullivan (R-AK),Nay
2588,Tester (D-MT),Nay
2589,Thune (R-SD),Yea
2590,Tillis (R-NC),Yea
2591,Toomey (R-PA),Yea
2592,Udall (D-NM),Nay
2593,Van Hollen (D-MD),Nay
2594,Warner (D-VA),Yea
2595,Warren (D-MA),Nay
2596,Whitehouse (D-RI),Yea
2597,Wicker (R-MS),Yea
2598,Wyden (D-OR),Nay
2599,Young (R-IN),Yea
2600,Alexander (R-TN),Yea
2601,Baldwin (D-WI),Nay
2602,Barrasso (R-WY),Yea
2603,Bennet (D-CO),Nay
2604,Blumenthal (D-CT),Nay
2605,Blunt (R-MO),Yea
2606,Booker (D-NJ),Nay
2607,Boozman (R-AR),Yea
2608,Brown (D-OH),Nay
2609,Burr (R-NC),Yea
2610,Cantwell (D-WA),Nay
2611,Capito (R-WV),Yea
2612,Cardin (D-MD),Nay
2613,Carper (D-DE),Yea
2614,Casey (D-PA),Yea
2615,Cassidy (R-LA),Yea
2616,Cochran (R-MS),Yea
2617,Collins (R-ME),Yea
2618,Coons (D-DE),Nay
2619,Corker (R-TN),Yea
2620,Cornyn (R-TX),Yea
2621,Cortez Masto (D-NV),Yea
2622,Cotton (R-AR),Yea
2623,Crapo (R-ID),Yea
2624,Cruz (R-TX),Nay
2625,Daines (R-MT),Nay
2626,Donnelly (D-IN),Yea
2627,Duckworth (D-IL),Yea
2628,Durbin (D-IL),Nay
2629,Enzi (R-WY),Yea
2630,Ernst (R-IA),Yea
2631,Feinstein (D-CA),Yea
2632,Fischer (R-NE),Yea
2633,Flake (R-AZ),Yea
2634,Gardner (R-CO),Nay
2635,Gillibrand (D-NY),Nay
2636,Graham (R-SC),Yea
2637,Grassley (R-IA),Yea
2638,Harris (D-CA),Nay
2639,Hassan (D-NH),Yea
2640,Hatch (R-UT),Yea
2641,Heinrich (D-NM),Nay
2642,Heitkamp (D-ND),Yea
2643,Heller (R-NV),Nay
2644,Hirono (D-HI),Nay
2645,Hoeven (R-ND),Yea
2646,Inhofe (R-OK),Yea
2647,Isakson (R-GA),Yea
2648,Johnson (R-WI),Yea
2649,Jones (D-AL),Yea
2650,Kaine (D-VA),Nay
2651,Kennedy (R-LA),Yea
2652,King (I-ME),Yea
2653,Klobuchar (D-MN),Yea
2654,Lankford (R-OK),Yea
2655,Leahy (D-VT),Nay
2656,Lee (R-UT),Nay
2657,Manchin (D-WV),Yea
2658,Markey (D-MA),Nay
2659,McCain (R-AZ),Not Voting
2660,McCaskill (D-MO),Yea
2661,McConnell (R-KY),Yea
2662,Menendez (D-NJ),Nay
2663,Merkley (D-OR),Nay
2664,Moran (R-KS),Nay
2665,Murkowski (R-AK),Nay
2666,Murphy (D-CT),Nay
2667,Murray (D-WA),Nay
2668,Nelson (D-FL),Yea
2669,Paul (R-KY),Nay
2670,Perdue (R-GA),Yea
2671,Peters (D-MI),Yea
2672,Portman (R-OH),Yea
2673,Reed (D-RI),Yea
2674,Risch (R-ID),Yea
2675,Roberts (R-KS),Yea
2676,Rounds (R-SD),Yea
2677,Rubio (R-FL),Yea
2678,Sanders (I-VT),Nay
2679,Sasse (R-NE),Yea
2680,Schatz (D-HI),Nay
2681,Schumer (D-NY),Nay
2682,Scott (R-SC),Yea
2683,Shaheen (D-NH),Yea
2684,Shelby (R-AL),Yea
2685,Smith (D-MN),Nay
2686,Stabenow (D-MI),Nay
2687,Sullivan (R-AK),Not Voting
2688,Tester (D-MT),Nay
2689,Thune (R-SD),Yea
2690,Tillis (R-NC),Yea
2691,Toomey (R-PA),Yea
2692,Udall (D-NM),Nay
2693,Van Hollen (D-MD),Nay
2694,Warner (D-VA),Yea
2695,Warren (D-MA),Nay
2696,Whitehouse (D-RI),Yea
2697,Wicker (R-MS),Yea
2698,Wyden (D-OR),Nay
2699,Young (R-IN),Yea
2700,Alexander (R-TN),Not Voting
2701,Baldwin (D-WI),Nay
2702,Barrasso (R-WY),Yea
2703,Bennet (D-CO),Yea
2704,Blumenthal (D-CT),Yea
2705,Blunt (R-MO),Yea
2706,Booker (D-NJ),Not Voting
2707,Boozman (R-AR),Yea
2708,Brown (D-OH),Nay
2709,Burr (R-NC),Yea
2710,Cantwell (D-WA),Nay
2711,Capito (R-WV),Yea
2712,Cardin (D-MD),Yea
2713,Carper (D-DE),Yea
2714,Casey (D-PA),Yea
2715,Cassidy (R-LA),Yea
2716,Cochran (R-MS),Yea
2717,Collins (R-ME),Yea
2718,Coons (D-DE),Nay
2719,Corker (R-TN),Yea
2720,Cornyn (R-TX),Yea
2721,Cortez Masto (D-NV),Yea
2722,Cotton (R-AR),Yea
2723,Crapo (R-ID),Yea
2724,Cruz (R-TX),Yea
2725,Daines (R-MT),Nay
2726,Donnelly (D-IN),Yea
2727,Duckworth (D-IL),Yea
2728,Durbin (D-IL),Nay
2729,Enzi (R-WY),Yea
2730,Ernst (R-IA),Yea
2731,Feinstein (D-CA),Yea
2732,Fischer (R-NE),Yea
2733,Flake (R-AZ),Yea
2734,Gardner (R-CO),Nay
2735,Gillibrand (D-NY),Nay
2736,Graham (R-SC),Yea
2737,Grassley (R-IA),Yea
2738,Harris (D-CA),Nay
2739,Hassan (D-NH),Yea
2740,Hatch (R-UT),Yea
2741,Heinrich (D-NM),Nay
2742,Heitkamp (D-ND),Yea
2743,Heller (R-NV),Not Voting
2744,Hirono (D-HI),Nay
2745,Hoeven (R-ND),Yea
2746,Inhofe (R-OK),Yea
2747,Isakson (R-GA),Yea
2748,Johnson (R-WI),Yea
2749,Jones (D-AL),Yea
2750,Kaine (D-VA),Yea
2751,Kennedy (R-LA),Yea
2752,King (I-ME),Yea
2753,Klobuchar (D-MN),Yea
2754,Lankford (R-OK),Yea
2755,Leahy (D-VT),Nay
2756,Lee (R-UT),Nay
2757,Manchin (D-WV),Yea
2758,Markey (D-MA),Nay
2759,McCain (R-AZ),Not Voting
2760,McCaskill (D-MO),Yea
2761,McConnell (R-KY),Yea
2762,Menendez (D-NJ),Nay
2763,Merkley (D-OR),Nay
2764,Moran (R-KS),Nay
2765,Murkowski (R-AK),Yea
2766,Murphy (D-CT),Yea
2767,Murray (D-WA),Nay
2768,Nelson (D-FL),Yea
2769,Paul (R-KY),Nay
2770,Perdue (R-GA),Yea
2771,Peters (D-MI),Yea
2772,Portman (R-OH),Yea
2773,Reed (D-RI),Yea
2774,Risch (R-ID),Yea
2775,Roberts (R-KS),Yea
2776,Rounds (R-SD),Yea
2777,Rubio (R-FL),Yea
2778,Sanders (I-VT),Nay
2779,Sasse (R-NE),Yea
2780,Schatz (D-HI),Nay
2781,Schumer (D-NY),Yea
2782,Scott (R-SC),Yea
2783,Shaheen (D-NH),Yea
2784,Shelby (R-AL),Yea
2785,Smith (D-MN),Nay
2786,Stabenow (D-MI),Yea
2787,Sullivan (R-AK),Yea
2788,Tester (D-MT),Nay
2789,Thune (R-SD),Yea
2790,Tillis (R-NC),Yea
2791,Toomey (R-PA),Not Voting
2792,Udall (D-NM),Nay
2793,Van Hollen (D-MD),Nay
2794,Warner (D-VA),Yea
2795,Warren (D-MA),Nay
2796,Whitehouse (D-RI),Yea
2797,Wicker (R-MS),Yea
2798,Wyden (D-OR),Nay
2799,Young (R-IN),Yea
