,Senator Name,Decision,Bill
0,Alexander (R-TN),0,0
1,Baldwin (D-WI),0,0
2,Barrasso (R-WY),0,0
3,Bennet (D-CO),0,0
4,Blumenthal (D-CT),0,0
5,Blunt (R-MO),0,0
6,Booker (D-NJ),0,0
7,Boozman (R-AR),0,0
8,Brown (D-OH),0,0
9,Burr (R-NC),0,0
10,Cantwell (D-WA),0,0
11,Capito (R-WV),0,0
12,Cardin (D-MD),0,0
13,Carper (D-DE),0,0
14,Casey (D-PA),0,0
15,Cassidy (R-LA),0,0
16,Cochran (R-MS),0,0
17,Collins (R-ME),0,0
18,Coons (D-DE),0,0
19,Corker (R-TN),0,0
20,Cornyn (R-TX),0,0
21,Cortez Masto (D-NV),0,0
22,Cotton (R-AR),0,0
23,Crapo (R-ID),0,0
24,Cruz (R-TX),0,0
25,Daines (R-MT),0,0
26,Donnelly (D-IN),0,0
27,Duckworth (D-IL),0,0
28,Durbin (D-IL),0,0
29,Enzi (R-WY),0,0
30,Ernst (R-IA),0,0
31,Feinstein (D-CA),0,0
32,Fischer (R-NE),0,0
33,Flake (R-AZ),0,0
34,Franken (D-MN),0,0
35,Gardner (R-CO),0,0
36,Gillibrand (D-NY),0,0
37,Graham (R-SC),0,0
38,Grassley (R-IA),0,0
39,Harris (D-CA),0,0
40,Hassan (D-NH),0,0
41,Hatch (R-UT),0,0
42,Heinrich (D-NM),0,0
43,Heitkamp (D-ND),0,0
44,Heller (R-NV),0,0
45,Hirono (D-HI),0,0
46,Hoeven (R-ND),0,0
47,Inhofe (R-OK),0,0
48,Isakson (R-GA),0,0
49,Johnson (R-WI),0,0
50,Kaine (D-VA),0,0
51,Kennedy (R-LA),0,0
52,King (I-ME),0,0
53,Klobuchar (D-MN),0,0
54,Lankford (R-OK),0,0
55,Leahy (D-VT),0,0
56,Lee (R-UT),0,0
57,Manchin (D-WV),0,0
58,Markey (D-MA),0,0
59,McCain (R-AZ),0,0
60,McCaskill (D-MO),0,0
61,McConnell (R-KY),0,0
62,Menendez (D-NJ),0,0
63,Merkley (D-OR),0,0
64,Moran (R-KS),0,0
65,Murkowski (R-AK),0,0
66,Murphy (D-CT),0,0
67,Murray (D-WA),0,0
68,Nelson (D-FL),0,0
69,Paul (R-KY),1,0
70,Perdue (R-GA),0,0
71,Peters (D-MI),0,0
72,Portman (R-OH),0,0
73,Reed (D-RI),0,0
74,Risch (R-ID),0,0
75,Roberts (R-KS),0,0
76,Rounds (R-SD),0,0
77,Rubio (R-FL),0,0
78,Sanders (I-VT),1,0
79,Sasse (R-NE),0,0
80,Schatz (D-HI),0,0
81,Schumer (D-NY),0,0
82,Scott (R-SC),0,0
83,Shaheen (D-NH),0,0
84,Shelby (R-AL),0,0
85,Stabenow (D-MI),0,0
86,Strange (R-AL),0,0
87,Sullivan (R-AK),0,0
88,Tester (D-MT),0,0
89,Thune (R-SD),0,0
90,Tillis (R-NC),0,0
91,Toomey (R-PA),0,0
92,Udall (D-NM),0,0
93,Van Hollen (D-MD),0,0
94,Warner (D-VA),0,0
95,Warren (D-MA),0,0
96,Whitehouse (D-RI),0,0
97,Wicker (R-MS),0,0
98,Wyden (D-OR),0,0
99,Young (R-IN),0,0
100,Alexander (R-TN),0,1
101,Baldwin (D-WI),0,1
102,Barrasso (R-WY),0,1
103,Bennet (D-CO),0,1
104,Blumenthal (D-CT),0,1
105,Blunt (R-MO),0,1
106,Booker (D-NJ),0,1
107,Boozman (R-AR),0,1
108,Brown (D-OH),0,1
109,Burr (R-NC),0,1
110,Cantwell (D-WA),0,1
111,Capito (R-WV),0,1
112,Cardin (D-MD),0,1
113,Carper (D-DE),0,1
114,Casey (D-PA),0,1
115,Cassidy (R-LA),0,1
116,Cochran (R-MS),0,1
117,Collins (R-ME),0,1
118,Coons (D-DE),0,1
119,Corker (R-TN),0,1
120,Cornyn (R-TX),0,1
121,Cortez Masto (D-NV),0,1
122,Cotton (R-AR),0,1
123,Crapo (R-ID),0,1
124,Cruz (R-TX),0,1
125,Daines (R-MT),0,1
126,Donnelly (D-IN),0,1
127,Duckworth (D-IL),0,1
128,Durbin (D-IL),0,1
129,Enzi (R-WY),0,1
130,Ernst (R-IA),0,1
131,Feinstein (D-CA),0,1
132,Fischer (R-NE),0,1
133,Flake (R-AZ),0,1
134,Franken (D-MN),0,1
135,Gardner (R-CO),0,1
136,Gillibrand (D-NY),0,1
137,Graham (R-SC),0,1
138,Grassley (R-IA),0,1
139,Harris (D-CA),0,1
140,Hassan (D-NH),0,1
141,Hatch (R-UT),0,1
142,Heinrich (D-NM),0,1
143,Heitkamp (D-ND),0,1
144,Heller (R-NV),0,1
145,Hirono (D-HI),0,1
146,Hoeven (R-ND),0,1
147,Inhofe (R-OK),0,1
148,Isakson (R-GA),0,1
149,Johnson (R-WI),0,1
150,Kaine (D-VA),0,1
151,Kennedy (R-LA),0,1
152,King (I-ME),0,1
153,Klobuchar (D-MN),0,1
154,Lankford (R-OK),0,1
155,Leahy (D-VT),0,1
156,Lee (R-UT),1,1
157,Manchin (D-WV),0,1
158,Markey (D-MA),0,1
159,McCain (R-AZ),0,1
160,McCaskill (D-MO),0,1
161,McConnell (R-KY),0,1
162,Menendez (D-NJ),0,1
163,Merkley (D-OR),0,1
164,Moran (R-KS),0,1
165,Murkowski (R-AK),0,1
166,Murphy (D-CT),0,1
167,Murray (D-WA),0,1
168,Nelson (D-FL),0,1
169,Paul (R-KY),1,1
170,Perdue (R-GA),0,1
171,Peters (D-MI),0,1
172,Portman (R-OH),0,1
173,Reed (D-RI),0,1
174,Risch (R-ID),0,1
175,Roberts (R-KS),0,1
176,Rounds (R-SD),0,1
177,Rubio (R-FL),0,1
178,Sanders (I-VT),0,1
179,Sasse (R-NE),0,1
180,Schatz (D-HI),0,1
181,Schumer (D-NY),0,1
182,Scott (R-SC),0,1
183,Shaheen (D-NH),0,1
184,Shelby (R-AL),0,1
185,Stabenow (D-MI),0,1
186,Strange (R-AL),0,1
187,Sullivan (R-AK),0,1
188,Tester (D-MT),0,1
189,Thune (R-SD),0,1
190,Tillis (R-NC),0,1
191,Toomey (R-PA),0,1
192,Udall (D-NM),0,1
193,Van Hollen (D-MD),2,1
194,Warner (D-VA),0,1
195,Warren (D-MA),0,1
196,Whitehouse (D-RI),0,1
197,Wicker (R-MS),0,1
198,Wyden (D-OR),0,1
199,Young (R-IN),0,1
200,Alexander (R-TN),1,2
201,Baldwin (D-WI),0,2
202,Barrasso (R-WY),1,2
203,Bennet (D-CO),0,2
204,Blumenthal (D-CT),0,2
205,Blunt (R-MO),1,2
206,Booker (D-NJ),0,2
207,Boozman (R-AR),1,2
208,Brown (D-OH),0,2
209,Burr (R-NC),1,2
210,Cantwell (D-WA),0,2
211,Capito (R-WV),1,2
212,Cardin (D-MD),0,2
213,Carper (D-DE),0,2
214,Casey (D-PA),0,2
215,Cassidy (R-LA),1,2
216,Cochran (R-MS),1,2
217,Collins (R-ME),1,2
218,Coons (D-DE),0,2
219,Corker (R-TN),1,2
220,Cornyn (R-TX),1,2
221,Cortez Masto (D-NV),0,2
222,Cotton (R-AR),1,2
223,Crapo (R-ID),1,2
224,Cruz (R-TX),1,2
225,Daines (R-MT),1,2
226,Donnelly (D-IN),1,2
227,Duckworth (D-IL),0,2
228,Durbin (D-IL),0,2
229,Enzi (R-WY),1,2
230,Ernst (R-IA),1,2
231,Feinstein (D-CA),0,2
232,Fischer (R-NE),1,2
233,Flake (R-AZ),1,2
234,Franken (D-MN),0,2
235,Gardner (R-CO),1,2
236,Gillibrand (D-NY),0,2
237,Graham (R-SC),1,2
238,Grassley (R-IA),1,2
239,Harris (D-CA),0,2
240,Hassan (D-NH),0,2
241,Hatch (R-UT),1,2
242,Heinrich (D-NM),0,2
243,Heitkamp (D-ND),0,2
244,Heller (R-NV),0,2
245,Hirono (D-HI),0,2
246,Hoeven (R-ND),1,2
247,Inhofe (R-OK),1,2
248,Isakson (R-GA),1,2
249,Johnson (R-WI),1,2
250,Kaine (D-VA),0,2
251,Kennedy (R-LA),1,2
252,King (I-ME),0,2
253,Klobuchar (D-MN),0,2
254,Lankford (R-OK),1,2
255,Leahy (D-VT),0,2
256,Lee (R-UT),0,2
257,Manchin (D-WV),1,2
258,Markey (D-MA),0,2
259,McCain (R-AZ),1,2
260,McCaskill (D-MO),1,2
261,McConnell (R-KY),1,2
262,Menendez (D-NJ),0,2
263,Merkley (D-OR),0,2
264,Moran (R-KS),1,2
265,Murkowski (R-AK),1,2
266,Murphy (D-CT),0,2
267,Murray (D-WA),0,2
268,Nelson (D-FL),1,2
269,Paul (R-KY),0,2
270,Perdue (R-GA),1,2
271,Peters (D-MI),0,2
272,Portman (R-OH),1,2
273,Reed (D-RI),0,2
274,Risch (R-ID),1,2
275,Roberts (R-KS),1,2
276,Rounds (R-SD),1,2
277,Rubio (R-FL),1,2
278,Sanders (I-VT),0,2
279,Sasse (R-NE),1,2
280,Schatz (D-HI),0,2
281,Schumer (D-NY),0,2
282,Scott (R-SC),1,2
283,Shaheen (D-NH),0,2
284,Shelby (R-AL),1,2
285,Stabenow (D-MI),0,2
286,Strange (R-AL),1,2
287,Sullivan (R-AK),1,2
288,Tester (D-MT),0,2
289,Thune (R-SD),1,2
290,Tillis (R-NC),1,2
291,Toomey (R-PA),1,2
292,Udall (D-NM),0,2
293,Van Hollen (D-MD),0,2
294,Warner (D-VA),1,2
295,Warren (D-MA),0,2
296,Whitehouse (D-RI),0,2
297,Wicker (R-MS),1,2
298,Wyden (D-OR),0,2
299,Young (R-IN),0,2
300,Alexander (R-TN),0,3
301,Baldwin (D-WI),1,3
302,Barrasso (R-WY),0,3
303,Bennet (D-CO),1,3
304,Blumenthal (D-CT),1,3
305,Blunt (R-MO),0,3
306,Booker (D-NJ),1,3
307,Boozman (R-AR),0,3
308,Brown (D-OH),1,3
309,Burr (R-NC),0,3
310,Cantwell (D-WA),1,3
311,Capito (R-WV),0,3
312,Cardin (D-MD),1,3
313,Carper (D-DE),1,3
314,Casey (D-PA),1,3
315,Cassidy (R-LA),0,3
316,Cochran (R-MS),0,3
317,Collins (R-ME),0,3
318,Coons (D-DE),1,3
319,Corker (R-TN),0,3
320,Cornyn (R-TX),0,3
321,Cortez Masto (D-NV),1,3
322,Cotton (R-AR),0,3
323,Crapo (R-ID),0,3
324,Cruz (R-TX),0,3
325,Daines (R-MT),0,3
326,Donnelly (D-IN),1,3
327,Duckworth (D-IL),1,3
328,Durbin (D-IL),1,3
329,Enzi (R-WY),0,3
330,Ernst (R-IA),0,3
331,Feinstein (D-CA),1,3
332,Fischer (R-NE),0,3
333,Flake (R-AZ),0,3
334,Franken (D-MN),1,3
335,Gardner (R-CO),0,3
336,Gillibrand (D-NY),1,3
337,Graham (R-SC),0,3
338,Grassley (R-IA),0,3
339,Harris (D-CA),1,3
340,Hassan (D-NH),1,3
341,Hatch (R-UT),0,3
342,Heinrich (D-NM),1,3
343,Heitkamp (D-ND),1,3
344,Heller (R-NV),0,3
345,Hirono (D-HI),1,3
346,Hoeven (R-ND),0,3
347,Inhofe (R-OK),0,3
348,Isakson (R-GA),2,3
349,Johnson (R-WI),0,3
350,Kaine (D-VA),1,3
351,Kennedy (R-LA),0,3
352,King (I-ME),1,3
353,Klobuchar (D-MN),1,3
354,Lankford (R-OK),0,3
355,Leahy (D-VT),1,3
356,Lee (R-UT),0,3
357,Manchin (D-WV),1,3
358,Markey (D-MA),1,3
359,McCain (R-AZ),0,3
360,McCaskill (D-MO),1,3
361,McConnell (R-KY),0,3
362,Menendez (D-NJ),1,3
363,Merkley (D-OR),1,3
364,Moran (R-KS),0,3
365,Murkowski (R-AK),0,3
366,Murphy (D-CT),1,3
367,Murray (D-WA),1,3
368,Nelson (D-FL),1,3
369,Paul (R-KY),2,3
370,Perdue (R-GA),0,3
371,Peters (D-MI),1,3
372,Portman (R-OH),0,3
373,Reed (D-RI),1,3
374,Risch (R-ID),0,3
375,Roberts (R-KS),0,3
376,Rounds (R-SD),0,3
377,Rubio (R-FL),0,3
378,Sanders (I-VT),1,3
379,Sasse (R-NE),0,3
380,Schatz (D-HI),1,3
381,Schumer (D-NY),1,3
382,Scott (R-SC),0,3
383,Shaheen (D-NH),1,3
384,Shelby (R-AL),0,3
385,Stabenow (D-MI),1,3
386,Strange (R-AL),0,3
387,Sullivan (R-AK),0,3
388,Tester (D-MT),1,3
389,Thune (R-SD),0,3
390,Tillis (R-NC),0,3
391,Toomey (R-PA),0,3
392,Udall (D-NM),1,3
393,Van Hollen (D-MD),1,3
394,Warner (D-VA),1,3
395,Warren (D-MA),1,3
396,Whitehouse (D-RI),1,3
397,Wicker (R-MS),0,3
398,Wyden (D-OR),1,3
399,Young (R-IN),0,3
400,Alexander (R-TN),1,4
401,Baldwin (D-WI),0,4
402,Barrasso (R-WY),1,4
403,Bennet (D-CO),0,4
404,Blumenthal (D-CT),0,4
405,Blunt (R-MO),1,4
406,Booker (D-NJ),0,4
407,Boozman (R-AR),1,4
408,Brown (D-OH),0,4
409,Burr (R-NC),1,4
410,Cantwell (D-WA),0,4
411,Capito (R-WV),1,4
412,Cardin (D-MD),0,4
413,Carper (D-DE),0,4
414,Casey (D-PA),0,4
415,Cassidy (R-LA),1,4
416,Cochran (R-MS),1,4
417,Collins (R-ME),1,4
418,Coons (D-DE),0,4
419,Corker (R-TN),1,4
420,Cornyn (R-TX),1,4
421,Cortez Masto (D-NV),0,4
422,Cotton (R-AR),1,4
423,Crapo (R-ID),1,4
424,Cruz (R-TX),1,4
425,Daines (R-MT),1,4
426,Donnelly (D-IN),0,4
427,Duckworth (D-IL),0,4
428,Durbin (D-IL),0,4
429,Enzi (R-WY),1,4
430,Ernst (R-IA),1,4
431,Feinstein (D-CA),2,4
432,Fischer (R-NE),1,4
433,Flake (R-AZ),1,4
434,Franken (D-MN),0,4
435,Gardner (R-CO),1,4
436,Gillibrand (D-NY),0,4
437,Graham (R-SC),1,4
438,Grassley (R-IA),1,4
439,Harris (D-CA),0,4
440,Hassan (D-NH),0,4
441,Hatch (R-UT),1,4
442,Heinrich (D-NM),0,4
443,Heitkamp (D-ND),0,4
444,Heller (R-NV),1,4
445,Hirono (D-HI),0,4
446,Hoeven (R-ND),1,4
447,Inhofe (R-OK),1,4
448,Isakson (R-GA),1,4
449,Johnson (R-WI),1,4
450,Kaine (D-VA),0,4
451,Kennedy (R-LA),1,4
452,King (I-ME),0,4
453,Klobuchar (D-MN),0,4
454,Lankford (R-OK),1,4
455,Leahy (D-VT),0,4
456,Lee (R-UT),1,4
457,Manchin (D-WV),0,4
458,Markey (D-MA),0,4
459,McCain (R-AZ),1,4
460,McCaskill (D-MO),0,4
461,McConnell (R-KY),1,4
462,Menendez (D-NJ),0,4
463,Merkley (D-OR),0,4
464,Moran (R-KS),1,4
465,Murkowski (R-AK),1,4
466,Murphy (D-CT),0,4
467,Murray (D-WA),0,4
468,Nelson (D-FL),0,4
469,Paul (R-KY),1,4
470,Perdue (R-GA),1,4
471,Peters (D-MI),0,4
472,Portman (R-OH),1,4
473,Reed (D-RI),0,4
474,Risch (R-ID),1,4
475,Roberts (R-KS),1,4
476,Rounds (R-SD),1,4
477,Rubio (R-FL),1,4
478,Sanders (I-VT),0,4
479,Sasse (R-NE),1,4
480,Schatz (D-HI),0,4
481,Schumer (D-NY),0,4
482,Scott (R-SC),1,4
483,Sessions (R-AL),2,4
484,Shaheen (D-NH),0,4
485,Shelby (R-AL),1,4
486,Stabenow (D-MI),0,4
487,Sullivan (R-AK),1,4
488,Tester (D-MT),0,4
489,Thune (R-SD),1,4
490,Tillis (R-NC),1,4
491,Toomey (R-PA),1,4
492,Udall (D-NM),0,4
493,Van Hollen (D-MD),0,4
494,Warner (D-VA),0,4
495,Warren (D-MA),0,4
496,Whitehouse (D-RI),0,4
497,Wicker (R-MS),1,4
498,Wyden (D-OR),0,4
499,Young (R-IN),1,4
500,Alexander (R-TN),1,5
501,Baldwin (D-WI),0,5
502,Barrasso (R-WY),1,5
503,Bennet (D-CO),1,5
504,Blumenthal (D-CT),0,5
505,Blunt (R-MO),1,5
506,Booker (D-NJ),1,5
507,Boozman (R-AR),0,5
508,Brown (D-OH),0,5
509,Burr (R-NC),1,5
510,Cantwell (D-WA),1,5
511,Capito (R-WV),1,5
512,Cardin (D-MD),0,5
513,Carper (D-DE),1,5
514,Casey (D-PA),1,5
515,Cassidy (R-LA),1,5
516,Cochran (R-MS),1,5
517,Collins (R-ME),0,5
518,Coons (D-DE),1,5
519,Corker (R-TN),1,5
520,Cornyn (R-TX),1,5
521,Cortez Masto (D-NV),0,5
522,Cotton (R-AR),1,5
523,Crapo (R-ID),1,5
524,Cruz (R-TX),0,5
525,Daines (R-MT),1,5
526,Donnelly (D-IN),1,5
527,Duckworth (D-IL),0,5
528,Durbin (D-IL),0,5
529,Enzi (R-WY),1,5
530,Ernst (R-IA),1,5
531,Feinstein (D-CA),2,5
532,Fischer (R-NE),1,5
533,Flake (R-AZ),0,5
534,Franken (D-MN),0,5
535,Gardner (R-CO),1,5
536,Gillibrand (D-NY),0,5
537,Graham (R-SC),1,5
538,Grassley (R-IA),0,5
539,Harris (D-CA),0,5
540,Hassan (D-NH),0,5
541,Hatch (R-UT),1,5
542,Heinrich (D-NM),1,5
543,Heitkamp (D-ND),1,5
544,Heller (R-NV),0,5
545,Hirono (D-HI),0,5
546,Hoeven (R-ND),1,5
547,Inhofe (R-OK),1,5
548,Isakson (R-GA),1,5
549,Johnson (R-WI),1,5
550,Kaine (D-VA),0,5
551,Kennedy (R-LA),0,5
552,King (I-ME),0,5
553,Klobuchar (D-MN),0,5
554,Lankford (R-OK),1,5
555,Leahy (D-VT),0,5
556,Lee (R-UT),0,5
557,Manchin (D-WV),0,5
558,Markey (D-MA),0,5
559,McCain (R-AZ),0,5
560,McCaskill (D-MO),0,5
561,McConnell (R-KY),1,5
562,Menendez (D-NJ),1,5
563,Merkley (D-OR),0,5
564,Moran (R-KS),1,5
565,Murkowski (R-AK),0,5
566,Murphy (D-CT),0,5
567,Murray (D-WA),1,5
568,Nelson (D-FL),0,5
569,Paul (R-KY),0,5
570,Perdue (R-GA),1,5
571,Peters (D-MI),0,5
572,Portman (R-OH),1,5
573,Reed (D-RI),0,5
574,Risch (R-ID),1,5
575,Roberts (R-KS),1,5
576,Rounds (R-SD),1,5
577,Rubio (R-FL),1,5
578,Sanders (I-VT),0,5
579,Sasse (R-NE),1,5
580,Schatz (D-HI),0,5
581,Schumer (D-NY),0,5
582,Scott (R-SC),1,5
583,Sessions (R-AL),2,5
584,Shaheen (D-NH),0,5
585,Shelby (R-AL),1,5
586,Stabenow (D-MI),0,5
587,Sullivan (R-AK),1,5
588,Tester (D-MT),1,5
589,Thune (R-SD),0,5
590,Tillis (R-NC),1,5
591,Toomey (R-PA),1,5
592,Udall (D-NM),0,5
593,Van Hollen (D-MD),0,5
594,Warner (D-VA),1,5
595,Warren (D-MA),0,5
596,Whitehouse (D-RI),0,5
597,Wicker (R-MS),1,5
598,Wyden (D-OR),0,5
599,Young (R-IN),1,5
600,Alexander (R-TN),0,6
601,Baldwin (D-WI),1,6
602,Barrasso (R-WY),0,6
603,Bennet (D-CO),1,6
604,Blumenthal (D-CT),1,6
605,Blunt (R-MO),0,6
606,Booker (D-NJ),1,6
607,Boozman (R-AR),0,6
608,Brown (D-OH),1,6
609,Burr (R-NC),0,6
610,Cantwell (D-WA),1,6
611,Capito (R-WV),0,6
612,Cardin (D-MD),1,6
613,Carper (D-DE),1,6
614,Casey (D-PA),1,6
615,Cassidy (R-LA),0,6
616,Cochran (R-MS),0,6
617,Collins (R-ME),0,6
618,Coons (D-DE),1,6
619,Corker (R-TN),0,6
620,Cornyn (R-TX),0,6
621,Cortez Masto (D-NV),1,6
622,Cotton (R-AR),0,6
623,Crapo (R-ID),0,6
624,Cruz (R-TX),0,6
625,Daines (R-MT),0,6
626,Donnelly (D-IN),1,6
627,Duckworth (D-IL),1,6
628,Durbin (D-IL),1,6
629,Enzi (R-WY),0,6
630,Ernst (R-IA),0,6
631,Feinstein (D-CA),2,6
632,Fischer (R-NE),0,6
633,Flake (R-AZ),0,6
634,Franken (D-MN),1,6
635,Gardner (R-CO),0,6
636,Gillibrand (D-NY),1,6
637,Graham (R-SC),0,6
638,Grassley (R-IA),1,6
639,Harris (D-CA),1,6
640,Hassan (D-NH),1,6
641,Hatch (R-UT),1,6
642,Heinrich (D-NM),1,6
643,Heitkamp (D-ND),1,6
644,Heller (R-NV),0,6
645,Hirono (D-HI),1,6
646,Hoeven (R-ND),0,6
647,Inhofe (R-OK),0,6
648,Isakson (R-GA),0,6
649,Johnson (R-WI),0,6
650,Kaine (D-VA),1,6
651,Kennedy (R-LA),0,6
652,King (I-ME),1,6
653,Klobuchar (D-MN),1,6
654,Lankford (R-OK),0,6
655,Leahy (D-VT),1,6
656,Lee (R-UT),0,6
657,Manchin (D-WV),1,6
658,Markey (D-MA),1,6
659,McCain (R-AZ),0,6
660,McCaskill (D-MO),1,6
661,McConnell (R-KY),0,6
662,Menendez (D-NJ),1,6
663,Merkley (D-OR),1,6
664,Moran (R-KS),0,6
665,Murkowski (R-AK),0,6
666,Murphy (D-CT),1,6
667,Murray (D-WA),1,6
668,Nelson (D-FL),1,6
669,Paul (R-KY),0,6
670,Perdue (R-GA),0,6
671,Peters (D-MI),1,6
672,Portman (R-OH),0,6
673,Reed (D-RI),1,6
674,Risch (R-ID),0,6
675,Roberts (R-KS),0,6
676,Rounds (R-SD),0,6
677,Rubio (R-FL),0,6
678,Sanders (I-VT),1,6
679,Sasse (R-NE),0,6
680,Schatz (D-HI),1,6
681,Schumer (D-NY),1,6
682,Scott (R-SC),0,6
683,Sessions (R-AL),2,6
684,Shaheen (D-NH),1,6
685,Shelby (R-AL),0,6
686,Stabenow (D-MI),1,6
687,Sullivan (R-AK),0,6
688,Tester (D-MT),1,6
689,Thune (R-SD),0,6
690,Tillis (R-NC),0,6
691,Toomey (R-PA),0,6
692,Udall (D-NM),1,6
693,Van Hollen (D-MD),1,6
694,Warner (D-VA),1,6
695,Warren (D-MA),1,6
696,Whitehouse (D-RI),1,6
697,Wicker (R-MS),0,6
698,Wyden (D-OR),1,6
699,Young (R-IN),0,6
700,Alexander (R-TN),1,7
701,Baldwin (D-WI),0,7
702,Barrasso (R-WY),1,7
703,Bennet (D-CO),0,7
704,Blumenthal (D-CT),0,7
705,Blunt (R-MO),1,7
706,Booker (D-NJ),0,7
707,Boozman (R-AR),1,7
708,Brown (D-OH),0,7
709,Burr (R-NC),1,7
710,Cantwell (D-WA),0,7
711,Capito (R-WV),1,7
712,Cardin (D-MD),0,7
713,Carper (D-DE),0,7
714,Casey (D-PA),0,7
715,Cassidy (R-LA),1,7
716,Cochran (R-MS),1,7
717,Collins (R-ME),0,7
718,Coons (D-DE),0,7
719,Corker (R-TN),1,7
720,Cornyn (R-TX),1,7
721,Cortez Masto (D-NV),0,7
722,Cotton (R-AR),1,7
723,Crapo (R-ID),1,7
724,Cruz (R-TX),1,7
725,Daines (R-MT),1,7
726,Donnelly (D-IN),0,7
727,Duckworth (D-IL),0,7
728,Durbin (D-IL),0,7
729,Enzi (R-WY),1,7
730,Ernst (R-IA),1,7
731,Feinstein (D-CA),2,7
732,Fischer (R-NE),1,7
733,Flake (R-AZ),1,7
734,Franken (D-MN),0,7
735,Gardner (R-CO),1,7
736,Gillibrand (D-NY),0,7
737,Graham (R-SC),1,7
738,Grassley (R-IA),1,7
739,Harris (D-CA),0,7
740,Hassan (D-NH),0,7
741,Hatch (R-UT),1,7
742,Heinrich (D-NM),0,7
743,Heitkamp (D-ND),0,7
744,Heller (R-NV),0,7
745,Hirono (D-HI),0,7
746,Hoeven (R-ND),1,7
747,Inhofe (R-OK),1,7
748,Isakson (R-GA),1,7
749,Johnson (R-WI),1,7
750,Kaine (D-VA),0,7
751,Kennedy (R-LA),1,7
752,King (I-ME),0,7
753,Klobuchar (D-MN),0,7
754,Lankford (R-OK),1,7
755,Leahy (D-VT),0,7
756,Lee (R-UT),1,7
757,Manchin (D-WV),0,7
758,Markey (D-MA),0,7
759,McCain (R-AZ),1,7
760,McCaskill (D-MO),0,7
761,McConnell (R-KY),1,7
762,Menendez (D-NJ),0,7
763,Merkley (D-OR),0,7
764,Moran (R-KS),1,7
765,Murkowski (R-AK),1,7
766,Murphy (D-CT),0,7
767,Murray (D-WA),0,7
768,Nelson (D-FL),0,7
769,Paul (R-KY),1,7
770,Perdue (R-GA),1,7
771,Peters (D-MI),0,7
772,Portman (R-OH),1,7
773,Reed (D-RI),0,7
774,Risch (R-ID),1,7
775,Roberts (R-KS),1,7
776,Rounds (R-SD),1,7
777,Rubio (R-FL),1,7
778,Sanders (I-VT),0,7
779,Sasse (R-NE),1,7
780,Schatz (D-HI),0,7
781,Schumer (D-NY),0,7
782,Scott (R-SC),1,7
783,Sessions (R-AL),2,7
784,Shaheen (D-NH),0,7
785,Shelby (R-AL),1,7
786,Stabenow (D-MI),0,7
787,Sullivan (R-AK),1,7
788,Tester (D-MT),0,7
789,Thune (R-SD),1,7
790,Tillis (R-NC),1,7
791,Toomey (R-PA),1,7
792,Udall (D-NM),0,7
793,Van Hollen (D-MD),0,7
794,Warner (D-VA),0,7
795,Warren (D-MA),0,7
796,Whitehouse (D-RI),0,7
797,Wicker (R-MS),1,7
798,Wyden (D-OR),0,7
799,Young (R-IN),1,7
800,Alexander (R-TN),1,8
801,Baldwin (D-WI),0,8
802,Barrasso (R-WY),1,8
803,Bennet (D-CO),0,8
804,Blumenthal (D-CT),0,8
805,Blunt (R-MO),1,8
806,Booker (D-NJ),0,8
807,Boozman (R-AR),1,8
808,Brown (D-OH),0,8
809,Burr (R-NC),1,8
810,Cantwell (D-WA),0,8
811,Capito (R-WV),1,8
812,Cardin (D-MD),0,8
813,Carper (D-DE),0,8
814,Casey (D-PA),0,8
815,Cassidy (R-LA),1,8
816,Cochran (R-MS),1,8
817,Collins (R-ME),0,8
818,Coons (D-DE),0,8
819,Corker (R-TN),1,8
820,Cornyn (R-TX),1,8
821,Cortez Masto (D-NV),0,8
822,Cotton (R-AR),1,8
823,Crapo (R-ID),1,8
824,Cruz (R-TX),1,8
825,Daines (R-MT),1,8
826,Donnelly (D-IN),0,8
827,Duckworth (D-IL),0,8
828,Durbin (D-IL),0,8
829,Enzi (R-WY),1,8
830,Ernst (R-IA),1,8
831,Feinstein (D-CA),0,8
832,Fischer (R-NE),1,8
833,Flake (R-AZ),1,8
834,Franken (D-MN),0,8
835,Gardner (R-CO),1,8
836,Gillibrand (D-NY),0,8
837,Graham (R-SC),1,8
838,Grassley (R-IA),1,8
839,Harris (D-CA),0,8
840,Hassan (D-NH),0,8
841,Hatch (R-UT),1,8
842,Heinrich (D-NM),0,8
843,Heitkamp (D-ND),0,8
844,Heller (R-NV),1,8
845,Hirono (D-HI),0,8
846,Hoeven (R-ND),1,8
847,Inhofe (R-OK),1,8
848,Isakson (R-GA),1,8
849,Johnson (R-WI),1,8
850,Kaine (D-VA),0,8
851,Kennedy (R-LA),1,8
852,King (I-ME),0,8
853,Klobuchar (D-MN),0,8
854,Lankford (R-OK),1,8
855,Leahy (D-VT),0,8
856,Lee (R-UT),1,8
857,Manchin (D-WV),0,8
858,Markey (D-MA),0,8
859,McCain (R-AZ),1,8
860,McCaskill (D-MO),0,8
861,McConnell (R-KY),1,8
862,Menendez (D-NJ),0,8
863,Merkley (D-OR),0,8
864,Moran (R-KS),1,8
865,Murkowski (R-AK),1,8
866,Murphy (D-CT),0,8
867,Murray (D-WA),0,8
868,Nelson (D-FL),0,8
869,Paul (R-KY),1,8
870,Perdue (R-GA),1,8
871,Peters (D-MI),0,8
872,Portman (R-OH),1,8
873,Reed (D-RI),0,8
874,Risch (R-ID),1,8
875,Roberts (R-KS),1,8
876,Rounds (R-SD),1,8
877,Rubio (R-FL),1,8
878,Sanders (I-VT),0,8
879,Sasse (R-NE),1,8
880,Schatz (D-HI),0,8
881,Schumer (D-NY),0,8
882,Scott (R-SC),1,8
883,Sessions (R-AL),2,8
884,Shaheen (D-NH),0,8
885,Shelby (R-AL),1,8
886,Stabenow (D-MI),0,8
887,Sullivan (R-AK),1,8
888,Tester (D-MT),0,8
889,Thune (R-SD),1,8
890,Tillis (R-NC),2,8
891,Toomey (R-PA),1,8
892,Udall (D-NM),0,8
893,Van Hollen (D-MD),0,8
894,Warner (D-VA),0,8
895,Warren (D-MA),0,8
896,Whitehouse (D-RI),0,8
897,Wicker (R-MS),1,8
898,Wyden (D-OR),0,8
899,Young (R-IN),1,8
900,Alexander (R-TN),1,9
901,Baldwin (D-WI),1,9
902,Barrasso (R-WY),1,9
903,Bennet (D-CO),1,9
904,Blumenthal (D-CT),1,9
905,Blunt (R-MO),2,9
906,Booker (D-NJ),1,9
907,Boozman (R-AR),1,9
908,Brown (D-OH),1,9
909,Burr (R-NC),1,9
910,Cantwell (D-WA),1,9
911,Capito (R-WV),1,9
912,Cardin (D-MD),1,9
913,Carper (D-DE),1,9
914,Casey (D-PA),1,9
915,Cassidy (R-LA),1,9
916,Cochran (R-MS),1,9
917,Collins (R-ME),1,9
918,Coons (D-DE),1,9
919,Corker (R-TN),1,9
920,Cornyn (R-TX),1,9
921,Cortez Masto (D-NV),1,9
922,Cotton (R-AR),1,9
923,Crapo (R-ID),0,9
924,Cruz (R-TX),0,9
925,Daines (R-MT),0,9
926,Donnelly (D-IN),1,9
927,Duckworth (D-IL),1,9
928,Durbin (D-IL),1,9
929,Enzi (R-WY),1,9
930,Ernst (R-IA),1,9
931,Feinstein (D-CA),1,9
932,Fischer (R-NE),1,9
933,Flake (R-AZ),0,9
934,Franken (D-MN),1,9
935,Gardner (R-CO),1,9
936,Gillibrand (D-NY),1,9
937,Graham (R-SC),2,9
938,Grassley (R-IA),1,9
939,Harris (D-CA),1,9
940,Hassan (D-NH),1,9
941,Hatch (R-UT),1,9
942,Heinrich (D-NM),1,9
943,Heitkamp (D-ND),1,9
944,Heller (R-NV),1,9
945,Hirono (D-HI),1,9
946,Hoeven (R-ND),1,9
947,Inhofe (R-OK),1,9
948,Isakson (R-GA),1,9
949,Johnson (R-WI),1,9
950,Kaine (D-VA),1,9
951,Kennedy (R-LA),0,9
952,King (I-ME),1,9
953,Klobuchar (D-MN),1,9
954,Lankford (R-OK),0,9
955,Leahy (D-VT),1,9
956,Lee (R-UT),0,9
957,Manchin (D-WV),1,9
958,Markey (D-MA),1,9
959,McCain (R-AZ),1,9
960,McCaskill (D-MO),1,9
961,McConnell (R-KY),1,9
962,Menendez (D-NJ),1,9
963,Merkley (D-OR),1,9
964,Moran (R-KS),0,9
965,Murkowski (R-AK),1,9
966,Murphy (D-CT),1,9
967,Murray (D-WA),1,9
968,Nelson (D-FL),1,9
969,Paul (R-KY),0,9
970,Perdue (R-GA),1,9
971,Peters (D-MI),1,9
972,Portman (R-OH),1,9
973,Reed (D-RI),1,9
974,Risch (R-ID),0,9
975,Roberts (R-KS),1,9
976,Rounds (R-SD),1,9
977,Rubio (R-FL),0,9
978,Sanders (I-VT),1,9
979,Sasse (R-NE),0,9
980,Schatz (D-HI),1,9
981,Schumer (D-NY),1,9
982,Scott (R-SC),0,9
983,Sessions (R-AL),1,9
984,Shaheen (D-NH),1,9
985,Shelby (R-AL),1,9
986,Stabenow (D-MI),1,9
987,Sullivan (R-AK),1,9
988,Tester (D-MT),1,9
989,Thune (R-SD),1,9
990,Tillis (R-NC),2,9
991,Toomey (R-PA),0,9
992,Udall (D-NM),1,9
993,Van Hollen (D-MD),1,9
994,Warner (D-VA),1,9
995,Warren (D-MA),1,9
996,Whitehouse (D-RI),1,9
997,Wicker (R-MS),1,9
998,Wyden (D-OR),1,9
999,Young (R-IN),1,9
1000,Alexander (R-TN),1,10
1001,Baldwin (D-WI),0,10
1002,Barrasso (R-WY),1,10
1003,Bennet (D-CO),0,10
1004,Blumenthal (D-CT),0,10
1005,Blunt (R-MO),1,10
1006,Booker (D-NJ),0,10
1007,Boozman (R-AR),1,10
1008,Brown (D-OH),0,10
1009,Burr (R-NC),1,10
1010,Cantwell (D-WA),0,10
1011,Capito (R-WV),1,10
1012,Cardin (D-MD),0,10
1013,Carper (D-DE),0,10
1014,Casey (D-PA),0,10
1015,Cassidy (R-LA),1,10
1016,Cochran (R-MS),1,10
1017,Collins (R-ME),1,10
1018,Coons (D-DE),0,10
1019,Corker (R-TN),1,10
1020,Cornyn (R-TX),1,10
1021,Cortez Masto (D-NV),0,10
1022,Cotton (R-AR),1,10
1023,Crapo (R-ID),1,10
1024,Cruz (R-TX),1,10
1025,Daines (R-MT),1,10
1026,Donnelly (D-IN),0,10
1027,Duckworth (D-IL),0,10
1028,Durbin (D-IL),0,10
1029,Enzi (R-WY),1,10
1030,Ernst (R-IA),1,10
1031,Feinstein (D-CA),0,10
1032,Fischer (R-NE),1,10
1033,Flake (R-AZ),1,10
1034,Franken (D-MN),0,10
1035,Gardner (R-CO),1,10
1036,Gillibrand (D-NY),0,10
1037,Graham (R-SC),1,10
1038,Grassley (R-IA),1,10
1039,Harris (D-CA),0,10
1040,Hassan (D-NH),0,10
1041,Hatch (R-UT),1,10
1042,Heinrich (D-NM),0,10
1043,Heitkamp (D-ND),0,10
1044,Heller (R-NV),1,10
1045,Hirono (D-HI),0,10
1046,Hoeven (R-ND),1,10
1047,Inhofe (R-OK),1,10
1048,Isakson (R-GA),1,10
1049,Johnson (R-WI),1,10
1050,Kaine (D-VA),0,10
1051,Kennedy (R-LA),1,10
1052,King (I-ME),0,10
1053,Klobuchar (D-MN),0,10
1054,Lankford (R-OK),1,10
1055,Leahy (D-VT),0,10
1056,Lee (R-UT),1,10
1057,Manchin (D-WV),0,10
1058,Markey (D-MA),0,10
1059,McCain (R-AZ),1,10
1060,McCaskill (D-MO),0,10
1061,McConnell (R-KY),1,10
1062,Menendez (D-NJ),0,10
1063,Merkley (D-OR),0,10
1064,Moran (R-KS),1,10
1065,Murkowski (R-AK),1,10
1066,Murphy (D-CT),0,10
1067,Murray (D-WA),0,10
1068,Nelson (D-FL),0,10
1069,Paul (R-KY),1,10
1070,Perdue (R-GA),1,10
1071,Peters (D-MI),0,10
1072,Portman (R-OH),1,10
1073,Reed (D-RI),0,10
1074,Risch (R-ID),1,10
1075,Roberts (R-KS),1,10
1076,Rounds (R-SD),1,10
1077,Rubio (R-FL),1,10
1078,Sanders (I-VT),0,10
1079,Sasse (R-NE),1,10
1080,Schatz (D-HI),0,10
1081,Schumer (D-NY),0,10
1082,Scott (R-SC),1,10
1083,Sessions (R-AL),1,10
1084,Shaheen (D-NH),0,10
1085,Shelby (R-AL),1,10
1086,Stabenow (D-MI),0,10
1087,Sullivan (R-AK),1,10
1088,Tester (D-MT),0,10
1089,Thune (R-SD),1,10
1090,Tillis (R-NC),1,10
1091,Toomey (R-PA),1,10
1092,Udall (D-NM),0,10
1093,Van Hollen (D-MD),0,10
1094,Warner (D-VA),0,10
1095,Warren (D-MA),0,10
1096,Whitehouse (D-RI),0,10
1097,Wicker (R-MS),1,10
1098,Wyden (D-OR),0,10
1099,Young (R-IN),1,10
1100,Alexander (R-TN),0,11
1101,Baldwin (D-WI),0,11
1102,Barrasso (R-WY),1,11
1103,Bennet (D-CO),0,11
1104,Blumenthal (D-CT),0,11
1105,Blunt (R-MO),0,11
1106,Booker (D-NJ),0,11
1107,Boozman (R-AR),0,11
1108,Brown (D-OH),0,11
1109,Burr (R-NC),0,11
1110,Cantwell (D-WA),0,11
1111,Capito (R-WV),0,11
1112,Cardin (D-MD),0,11
1113,Carper (D-DE),0,11
1114,Casey (D-PA),0,11
1115,Cassidy (R-LA),0,11
1116,Collins (R-ME),0,11
1117,Coons (D-DE),0,11
1118,Corker (R-TN),0,11
1119,Cornyn (R-TX),0,11
1120,Cortez Masto (D-NV),0,11
1121,Cotton (R-AR),1,11
1122,Crapo (R-ID),0,11
1123,Cruz (R-TX),0,11
1124,Daines (R-MT),0,11
1125,Donnelly (D-IN),0,11
1126,Duckworth (D-IL),0,11
1127,Durbin (D-IL),0,11
1128,Enzi (R-WY),1,11
1129,Ernst (R-IA),0,11
1130,Feinstein (D-CA),0,11
1131,Fischer (R-NE),0,11
1132,Flake (R-AZ),0,11
1133,Gardner (R-CO),0,11
1134,Gillibrand (D-NY),0,11
1135,Graham (R-SC),2,11
1136,Grassley (R-IA),0,11
1137,Harris (D-CA),0,11
1138,Hassan (D-NH),0,11
1139,Hatch (R-UT),0,11
1140,Heinrich (D-NM),0,11
1141,Heitkamp (D-ND),0,11
1142,Heller (R-NV),0,11
1143,Hirono (D-HI),0,11
1144,Hoeven (R-ND),0,11
1145,Hyde-Smith (R-MS),0,11
1146,Inhofe (R-OK),0,11
1147,Isakson (R-GA),0,11
1148,Johnson (R-WI),0,11
1149,Jones (D-AL),0,11
1150,Kaine (D-VA),0,11
1151,Kennedy (R-LA),1,11
1152,King (I-ME),0,11
1153,Klobuchar (D-MN),0,11
1154,Kyl (R-AZ),1,11
1155,Lankford (R-OK),0,11
1156,Leahy (D-VT),0,11
1157,Lee (R-UT),0,11
1158,Manchin (D-WV),0,11
1159,Markey (D-MA),0,11
1160,McCaskill (D-MO),0,11
1161,McConnell (R-KY),0,11
1162,Menendez (D-NJ),0,11
1163,Merkley (D-OR),0,11
1164,Moran (R-KS),0,11
1165,Murkowski (R-AK),1,11
1166,Murphy (D-CT),0,11
1167,Murray (D-WA),0,11
1168,Nelson (D-FL),0,11
1169,Paul (R-KY),0,11
1170,Perdue (R-GA),0,11
1171,Peters (D-MI),0,11
1172,Portman (R-OH),0,11
1173,Reed (D-RI),0,11
1174,Risch (R-ID),1,11
1175,Roberts (R-KS),0,11
1176,Rounds (R-SD),1,11
1177,Rubio (R-FL),1,11
1178,Sanders (I-VT),0,11
1179,Sasse (R-NE),1,11
1180,Schatz (D-HI),0,11
1181,Schumer (D-NY),0,11
1182,Scott (R-SC),0,11
1183,Shaheen (D-NH),0,11
1184,Shelby (R-AL),1,11
1185,Smith (D-MN),0,11
1186,Stabenow (D-MI),0,11
1187,Sullivan (R-AK),1,11
1188,Tester (D-MT),0,11
1189,Thune (R-SD),0,11
1190,Tillis (R-NC),0,11
1191,Toomey (R-PA),0,11
1192,Udall (D-NM),0,11
1193,Van Hollen (D-MD),0,11
1194,Warner (D-VA),0,11
1195,Warren (D-MA),0,11
1196,Whitehouse (D-RI),0,11
1197,Wicker (R-MS),0,11
1198,Wyden (D-OR),0,11
1199,Young (R-IN),0,11
1200,Alexander (R-TN),1,12
1201,Baldwin (D-WI),1,12
1202,Barrasso (R-WY),0,12
1203,Bennet (D-CO),1,12
1204,Blumenthal (D-CT),1,12
1205,Blunt (R-MO),0,12
1206,Booker (D-NJ),1,12
1207,Boozman (R-AR),0,12
1208,Brown (D-OH),1,12
1209,Burr (R-NC),0,12
1210,Cantwell (D-WA),1,12
1211,Capito (R-WV),0,12
1212,Cardin (D-MD),1,12
1213,Carper (D-DE),1,12
1214,Casey (D-PA),1,12
1215,Cassidy (R-LA),0,12
1216,Collins (R-ME),0,12
1217,Coons (D-DE),1,12
1218,Corker (R-TN),0,12
1219,Cornyn (R-TX),0,12
1220,Cortez Masto (D-NV),1,12
1221,Cotton (R-AR),0,12
1222,Crapo (R-ID),0,12
1223,Cruz (R-TX),0,12
1224,Daines (R-MT),0,12
1225,Donnelly (D-IN),1,12
1226,Duckworth (D-IL),1,12
1227,Durbin (D-IL),1,12
1228,Enzi (R-WY),0,12
1229,Ernst (R-IA),1,12
1230,Feinstein (D-CA),1,12
1231,Fischer (R-NE),0,12
1232,Flake (R-AZ),1,12
1233,Gardner (R-CO),0,12
1234,Gillibrand (D-NY),1,12
1235,Graham (R-SC),2,12
1236,Grassley (R-IA),1,12
1237,Harris (D-CA),1,12
1238,Hassan (D-NH),1,12
1239,Hatch (R-UT),1,12
1240,Heinrich (D-NM),1,12
1241,Heitkamp (D-ND),1,12
1242,Heller (R-NV),0,12
1243,Hirono (D-HI),1,12
1244,Hoeven (R-ND),0,12
1245,Hyde-Smith (R-MS),1,12
1246,Inhofe (R-OK),0,12
1247,Isakson (R-GA),1,12
1248,Johnson (R-WI),0,12
1249,Jones (D-AL),1,12
1250,Kaine (D-VA),1,12
1251,Kennedy (R-LA),0,12
1252,King (I-ME),1,12
1253,Klobuchar (D-MN),1,12
1254,Kyl (R-AZ),0,12
1255,Lankford (R-OK),1,12
1256,Leahy (D-VT),1,12
1257,Lee (R-UT),1,12
1258,Manchin (D-WV),1,12
1259,Markey (D-MA),1,12
1260,McCaskill (D-MO),1,12
1261,McConnell (R-KY),0,12
1262,Menendez (D-NJ),1,12
1263,Merkley (D-OR),1,12
1264,Moran (R-KS),1,12
1265,Murkowski (R-AK),0,12
1266,Murphy (D-CT),1,12
1267,Murray (D-WA),1,12
1268,Nelson (D-FL),1,12
1269,Paul (R-KY),1,12
1270,Perdue (R-GA),0,12
1271,Peters (D-MI),0,12
1272,Portman (R-OH),0,12
1273,Reed (D-RI),1,12
1274,Risch (R-ID),0,12
1275,Roberts (R-KS),1,12
1276,Rounds (R-SD),0,12
1277,Rubio (R-FL),0,12
1278,Sanders (I-VT),1,12
1279,Sasse (R-NE),0,12
1280,Schatz (D-HI),1,12
1281,Schumer (D-NY),1,12
1282,Scott (R-SC),0,12
1283,Shaheen (D-NH),1,12
1284,Shelby (R-AL),0,12
1285,Smith (D-MN),1,12
1286,Stabenow (D-MI),1,12
1287,Sullivan (R-AK),0,12
1288,Tester (D-MT),1,12
1289,Thune (R-SD),0,12
1290,Tillis (R-NC),1,12
1291,Toomey (R-PA),0,12
1292,Udall (D-NM),1,12
1293,Van Hollen (D-MD),1,12
1294,Warner (D-VA),1,12
1295,Warren (D-MA),1,12
1296,Whitehouse (D-RI),1,12
1297,Wicker (R-MS),1,12
1298,Wyden (D-OR),1,12
1299,Young (R-IN),0,12
1300,Alexander (R-TN),1,13
1301,Baldwin (D-WI),1,13
1302,Barrasso (R-WY),0,13
1303,Bennet (D-CO),1,13
1304,Blumenthal (D-CT),1,13
1305,Blunt (R-MO),0,13
1306,Booker (D-NJ),1,13
1307,Boozman (R-AR),0,13
1308,Brown (D-OH),1,13
1309,Burr (R-NC),0,13
1310,Cantwell (D-WA),1,13
1311,Capito (R-WV),0,13
1312,Cardin (D-MD),1,13
1313,Carper (D-DE),1,13
1314,Casey (D-PA),1,13
1315,Cassidy (R-LA),1,13
1316,Collins (R-ME),1,13
1317,Coons (D-DE),1,13
1318,Corker (R-TN),1,13
1319,Cornyn (R-TX),0,13
1320,Cortez Masto (D-NV),1,13
1321,Cotton (R-AR),0,13
1322,Crapo (R-ID),0,13
1323,Cruz (R-TX),0,13
1324,Daines (R-MT),0,13
1325,Donnelly (D-IN),1,13
1326,Duckworth (D-IL),1,13
1327,Durbin (D-IL),1,13
1328,Enzi (R-WY),0,13
1329,Ernst (R-IA),1,13
1330,Feinstein (D-CA),1,13
1331,Fischer (R-NE),0,13
1332,Flake (R-AZ),1,13
1333,Gardner (R-CO),0,13
1334,Gillibrand (D-NY),1,13
1335,Graham (R-SC),2,13
1336,Grassley (R-IA),1,13
1337,Harris (D-CA),1,13
1338,Hassan (D-NH),1,13
1339,Hatch (R-UT),1,13
1340,Heinrich (D-NM),1,13
1341,Heitkamp (D-ND),1,13
1342,Heller (R-NV),0,13
1343,Hirono (D-HI),1,13
1344,Hoeven (R-ND),0,13
1345,Hyde-Smith (R-MS),1,13
1346,Inhofe (R-OK),0,13
1347,Isakson (R-GA),0,13
1348,Johnson (R-WI),1,13
1349,Jones (D-AL),1,13
1350,Kaine (D-VA),1,13
1351,Kennedy (R-LA),0,13
1352,King (I-ME),1,13
1353,Klobuchar (D-MN),1,13
1354,Kyl (R-AZ),0,13
1355,Lankford (R-OK),1,13
1356,Leahy (D-VT),1,13
1357,Lee (R-UT),1,13
1358,Manchin (D-WV),1,13
1359,Markey (D-MA),1,13
1360,McCaskill (D-MO),1,13
1361,McConnell (R-KY),0,13
1362,Menendez (D-NJ),1,13
1363,Merkley (D-OR),1,13
1364,Moran (R-KS),1,13
1365,Murkowski (R-AK),0,13
1366,Murphy (D-CT),1,13
1367,Murray (D-WA),1,13
1368,Nelson (D-FL),1,13
1369,Paul (R-KY),1,13
1370,Perdue (R-GA),0,13
1371,Peters (D-MI),1,13
1372,Portman (R-OH),0,13
1373,Reed (D-RI),1,13
1374,Risch (R-ID),0,13
1375,Roberts (R-KS),1,13
1376,Rounds (R-SD),0,13
1377,Rubio (R-FL),0,13
1378,Sanders (I-VT),1,13
1379,Sasse (R-NE),0,13
1380,Schatz (D-HI),1,13
1381,Schumer (D-NY),1,13
1382,Scott (R-SC),0,13
1383,Shaheen (D-NH),1,13
1384,Shelby (R-AL),0,13
1385,Smith (D-MN),1,13
1386,Stabenow (D-MI),1,13
1387,Sullivan (R-AK),0,13
1388,Tester (D-MT),1,13
1389,Thune (R-SD),0,13
1390,Tillis (R-NC),0,13
1391,Toomey (R-PA),0,13
1392,Udall (D-NM),1,13
1393,Van Hollen (D-MD),1,13
1394,Warner (D-VA),1,13
1395,Warren (D-MA),1,13
1396,Whitehouse (D-RI),1,13
1397,Wicker (R-MS),1,13
1398,Wyden (D-OR),1,13
1399,Young (R-IN),1,13
1400,Alexander (R-TN),1,14
1401,Baldwin (D-WI),1,14
1402,Barrasso (R-WY),0,14
1403,Bennet (D-CO),1,14
1404,Blumenthal (D-CT),1,14
1405,Blunt (R-MO),0,14
1406,Booker (D-NJ),1,14
1407,Boozman (R-AR),0,14
1408,Brown (D-OH),1,14
1409,Burr (R-NC),0,14
1410,Cantwell (D-WA),1,14
1411,Capito (R-WV),0,14
1412,Cardin (D-MD),1,14
1413,Carper (D-DE),1,14
1414,Casey (D-PA),1,14
1415,Cassidy (R-LA),1,14
1416,Collins (R-ME),0,14
1417,Coons (D-DE),1,14
1418,Corker (R-TN),1,14
1419,Cornyn (R-TX),0,14
1420,Cortez Masto (D-NV),1,14
1421,Cotton (R-AR),0,14
1422,Crapo (R-ID),0,14
1423,Cruz (R-TX),0,14
1424,Daines (R-MT),0,14
1425,Donnelly (D-IN),1,14
1426,Duckworth (D-IL),1,14
1427,Durbin (D-IL),1,14
1428,Enzi (R-WY),0,14
1429,Ernst (R-IA),1,14
1430,Feinstein (D-CA),1,14
1431,Fischer (R-NE),0,14
1432,Flake (R-AZ),1,14
1433,Gardner (R-CO),0,14
1434,Gillibrand (D-NY),1,14
1435,Graham (R-SC),2,14
1436,Grassley (R-IA),1,14
1437,Harris (D-CA),1,14
1438,Hassan (D-NH),1,14
1439,Hatch (R-UT),1,14
1440,Heinrich (D-NM),1,14
1441,Heitkamp (D-ND),1,14
1442,Heller (R-NV),1,14
1443,Hirono (D-HI),1,14
1444,Hoeven (R-ND),0,14
1445,Hyde-Smith (R-MS),1,14
1446,Inhofe (R-OK),0,14
1447,Isakson (R-GA),1,14
1448,Johnson (R-WI),1,14
1449,Jones (D-AL),1,14
1450,Kaine (D-VA),1,14
1451,Kennedy (R-LA),0,14
1452,King (I-ME),1,14
1453,Klobuchar (D-MN),1,14
1454,Kyl (R-AZ),0,14
1455,Lankford (R-OK),1,14
1456,Leahy (D-VT),1,14
1457,Lee (R-UT),1,14
1458,Manchin (D-WV),1,14
1459,Markey (D-MA),1,14
1460,McCaskill (D-MO),1,14
1461,McConnell (R-KY),0,14
1462,Menendez (D-NJ),1,14
1463,Merkley (D-OR),1,14
1464,Moran (R-KS),1,14
1465,Murkowski (R-AK),0,14
1466,Murphy (D-CT),1,14
1467,Murray (D-WA),1,14
1468,Nelson (D-FL),1,14
1469,Paul (R-KY),1,14
1470,Perdue (R-GA),0,14
1471,Peters (D-MI),1,14
1472,Portman (R-OH),0,14
1473,Reed (D-RI),1,14
1474,Risch (R-ID),0,14
1475,Roberts (R-KS),1,14
1476,Rounds (R-SD),0,14
1477,Rubio (R-FL),0,14
1478,Sanders (I-VT),1,14
1479,Sasse (R-NE),0,14
1480,Schatz (D-HI),1,14
1481,Schumer (D-NY),1,14
1482,Scott (R-SC),0,14
1483,Shaheen (D-NH),1,14
1484,Shelby (R-AL),0,14
1485,Smith (D-MN),1,14
1486,Stabenow (D-MI),1,14
1487,Sullivan (R-AK),0,14
1488,Tester (D-MT),1,14
1489,Thune (R-SD),0,14
1490,Tillis (R-NC),0,14
1491,Toomey (R-PA),0,14
1492,Udall (D-NM),1,14
1493,Van Hollen (D-MD),1,14
1494,Warner (D-VA),1,14
1495,Warren (D-MA),1,14
1496,Whitehouse (D-RI),1,14
1497,Wicker (R-MS),1,14
1498,Wyden (D-OR),1,14
1499,Young (R-IN),1,14
1500,Alexander (R-TN),2,15
1501,Baldwin (D-WI),0,15
1502,Barrasso (R-WY),1,15
1503,Bennet (D-CO),0,15
1504,Blumenthal (D-CT),0,15
1505,Blunt (R-MO),0,15
1506,Booker (D-NJ),0,15
1507,Boozman (R-AR),0,15
1508,Brown (D-OH),0,15
1509,Burr (R-NC),1,15
1510,Cantwell (D-WA),0,15
1511,Capito (R-WV),0,15
1512,Cardin (D-MD),0,15
1513,Carper (D-DE),0,15
1514,Casey (D-PA),0,15
1515,Cassidy (R-LA),2,15
1516,Collins (R-ME),0,15
1517,Coons (D-DE),0,15
1518,Corker (R-TN),0,15
1519,Cornyn (R-TX),0,15
1520,Cortez Masto (D-NV),0,15
1521,Cotton (R-AR),1,15
1522,Crapo (R-ID),0,15
1523,Cruz (R-TX),0,15
1524,Daines (R-MT),0,15
1525,Donnelly (D-IN),0,15
1526,Duckworth (D-IL),0,15
1527,Durbin (D-IL),0,15
1528,Enzi (R-WY),1,15
1529,Ernst (R-IA),0,15
1530,Feinstein (D-CA),0,15
1531,Fischer (R-NE),0,15
1532,Flake (R-AZ),0,15
1533,Gardner (R-CO),0,15
1534,Gillibrand (D-NY),0,15
1535,Graham (R-SC),2,15
1536,Grassley (R-IA),0,15
1537,Harris (D-CA),0,15
1538,Hassan (D-NH),0,15
1539,Hatch (R-UT),0,15
1540,Heinrich (D-NM),0,15
1541,Heitkamp (D-ND),0,15
1542,Heller (R-NV),2,15
1543,Hirono (D-HI),0,15
1544,Hoeven (R-ND),0,15
1545,Hyde-Smith (R-MS),0,15
1546,Inhofe (R-OK),0,15
1547,Isakson (R-GA),0,15
1548,Johnson (R-WI),2,15
1549,Jones (D-AL),0,15
1550,Kaine (D-VA),0,15
1551,Kennedy (R-LA),1,15
1552,King (I-ME),0,15
1553,Klobuchar (D-MN),0,15
1554,Kyl (R-AZ),1,15
1555,Lankford (R-OK),0,15
1556,Leahy (D-VT),0,15
1557,Lee (R-UT),0,15
1558,Manchin (D-WV),0,15
1559,Markey (D-MA),0,15
1560,McCaskill (D-MO),0,15
1561,McConnell (R-KY),0,15
1562,Menendez (D-NJ),0,15
1563,Merkley (D-OR),0,15
1564,Moran (R-KS),0,15
1565,Murkowski (R-AK),1,15
1566,Murphy (D-CT),0,15
1567,Murray (D-WA),0,15
1568,Nelson (D-FL),0,15
1569,Paul (R-KY),0,15
1570,Perdue (R-GA),0,15
1571,Peters (D-MI),0,15
1572,Portman (R-OH),0,15
1573,Reed (D-RI),0,15
1574,Risch (R-ID),1,15
1575,Roberts (R-KS),0,15
1576,Rounds (R-SD),1,15
1577,Rubio (R-FL),0,15
1578,Sanders (I-VT),0,15
1579,Sasse (R-NE),1,15
1580,Schatz (D-HI),0,15
1581,Schumer (D-NY),0,15
1582,Scott (R-SC),0,15
1583,Shaheen (D-NH),0,15
1584,Shelby (R-AL),0,15
1585,Smith (D-MN),0,15
1586,Stabenow (D-MI),0,15
1587,Sullivan (R-AK),1,15
1588,Tester (D-MT),0,15
1589,Thune (R-SD),0,15
1590,Tillis (R-NC),2,15
1591,Toomey (R-PA),1,15
1592,Udall (D-NM),0,15
1593,Van Hollen (D-MD),0,15
1594,Warner (D-VA),0,15
1595,Warren (D-MA),0,15
1596,Whitehouse (D-RI),0,15
1597,Wicker (R-MS),0,15
1598,Wyden (D-OR),0,15
1599,Young (R-IN),0,15
1600,Alexander (R-TN),1,16
1601,Baldwin (D-WI),0,16
1602,Barrasso (R-WY),1,16
1603,Bennet (D-CO),0,16
1604,Blumenthal (D-CT),0,16
1605,Blunt (R-MO),1,16
1606,Booker (D-NJ),0,16
1607,Boozman (R-AR),1,16
1608,Brown (D-OH),0,16
1609,Burr (R-NC),1,16
1610,Cantwell (D-WA),0,16
1611,Capito (R-WV),1,16
1612,Cardin (D-MD),0,16
1613,Carper (D-DE),0,16
1614,Casey (D-PA),0,16
1615,Cassidy (R-LA),1,16
1616,Collins (R-ME),0,16
1617,Coons (D-DE),0,16
1618,Corker (R-TN),1,16
1619,Cornyn (R-TX),1,16
1620,Cortez Masto (D-NV),0,16
1621,Cotton (R-AR),1,16
1622,Crapo (R-ID),1,16
1623,Cruz (R-TX),1,16
1624,Daines (R-MT),0,16
1625,Donnelly (D-IN),0,16
1626,Duckworth (D-IL),0,16
1627,Durbin (D-IL),0,16
1628,Enzi (R-WY),1,16
1629,Ernst (R-IA),1,16
1630,Feinstein (D-CA),0,16
1631,Fischer (R-NE),1,16
1632,Flake (R-AZ),0,16
1633,Gardner (R-CO),1,16
1634,Gillibrand (D-NY),0,16
1635,Graham (R-SC),2,16
1636,Grassley (R-IA),1,16
1637,Harris (D-CA),0,16
1638,Hassan (D-NH),0,16
1639,Hatch (R-UT),1,16
1640,Heinrich (D-NM),0,16
1641,Heitkamp (D-ND),0,16
1642,Heller (R-NV),2,16
1643,Hirono (D-HI),0,16
1644,Hoeven (R-ND),1,16
1645,Hyde-Smith (R-MS),1,16
1646,Inhofe (R-OK),1,16
1647,Isakson (R-GA),1,16
1648,Johnson (R-WI),1,16
1649,Jones (D-AL),0,16
1650,Kaine (D-VA),0,16
1651,Kennedy (R-LA),1,16
1652,King (I-ME),0,16
1653,Klobuchar (D-MN),0,16
1654,Kyl (R-AZ),1,16
1655,Lankford (R-OK),1,16
1656,Leahy (D-VT),0,16
1657,Lee (R-UT),0,16
1658,Manchin (D-WV),0,16
1659,Markey (D-MA),0,16
1660,McCaskill (D-MO),0,16
1661,McConnell (R-KY),1,16
1662,Menendez (D-NJ),0,16
1663,Merkley (D-OR),0,16
1664,Moran (R-KS),0,16
1665,Murkowski (R-AK),1,16
1666,Murphy (D-CT),0,16
1667,Murray (D-WA),0,16
1668,Nelson (D-FL),0,16
1669,Paul (R-KY),0,16
1670,Perdue (R-GA),1,16
1671,Peters (D-MI),0,16
1672,Portman (R-OH),1,16
1673,Reed (D-RI),0,16
1674,Risch (R-ID),1,16
1675,Roberts (R-KS),1,16
1676,Rounds (R-SD),1,16
1677,Rubio (R-FL),1,16
1678,Sanders (I-VT),0,16
1679,Sasse (R-NE),1,16
1680,Schatz (D-HI),0,16
1681,Schumer (D-NY),0,16
1682,Scott (R-SC),1,16
1683,Shaheen (D-NH),0,16
1684,Shelby (R-AL),1,16
1685,Smith (D-MN),0,16
1686,Stabenow (D-MI),0,16
1687,Sullivan (R-AK),1,16
1688,Tester (D-MT),0,16
1689,Thune (R-SD),1,16
1690,Tillis (R-NC),2,16
1691,Toomey (R-PA),1,16
1692,Udall (D-NM),0,16
1693,Van Hollen (D-MD),0,16
1694,Warner (D-VA),0,16
1695,Warren (D-MA),0,16
1696,Whitehouse (D-RI),0,16
1697,Wicker (R-MS),1,16
1698,Wyden (D-OR),0,16
1699,Young (R-IN),0,16
1700,Alexander (R-TN),0,17
1701,Baldwin (D-WI),0,17
1702,Barrasso (R-WY),1,17
1703,Bennet (D-CO),0,17
1704,Blumenthal (D-CT),0,17
1705,Blunt (R-MO),1,17
1706,Booker (D-NJ),0,17
1707,Boozman (R-AR),1,17
1708,Brown (D-OH),0,17
1709,Burr (R-NC),1,17
1710,Cantwell (D-WA),0,17
1711,Capito (R-WV),1,17
1712,Cardin (D-MD),0,17
1713,Carper (D-DE),0,17
1714,Casey (D-PA),0,17
1715,Cassidy (R-LA),0,17
1716,Collins (R-ME),0,17
1717,Coons (D-DE),0,17
1718,Corker (R-TN),0,17
1719,Cornyn (R-TX),1,17
1720,Cortez Masto (D-NV),0,17
1721,Cotton (R-AR),1,17
1722,Crapo (R-ID),1,17
1723,Cruz (R-TX),1,17
1724,Daines (R-MT),1,17
1725,Donnelly (D-IN),0,17
1726,Duckworth (D-IL),0,17
1727,Durbin (D-IL),0,17
1728,Enzi (R-WY),1,17
1729,Ernst (R-IA),1,17
1730,Feinstein (D-CA),0,17
1731,Fischer (R-NE),1,17
1732,Flake (R-AZ),1,17
1733,Gardner (R-CO),1,17
1734,Gillibrand (D-NY),0,17
1735,Graham (R-SC),1,17
1736,Grassley (R-IA),1,17
1737,Harris (D-CA),0,17
1738,Hassan (D-NH),0,17
1739,Hatch (R-UT),1,17
1740,Heinrich (D-NM),0,17
1741,Heitkamp (D-ND),0,17
1742,Heller (R-NV),1,17
1743,Hirono (D-HI),0,17
1744,Hoeven (R-ND),1,17
1745,Hyde-Smith (R-MS),1,17
1746,Inhofe (R-OK),1,17
1747,Isakson (R-GA),1,17
1748,Johnson (R-WI),1,17
1749,Jones (D-AL),0,17
1750,Kaine (D-VA),0,17
1751,Kennedy (R-LA),1,17
1752,King (I-ME),0,17
1753,Klobuchar (D-MN),0,17
1754,Kyl (R-AZ),1,17
1755,Lankford (R-OK),1,17
1756,Leahy (D-VT),0,17
1757,Lee (R-UT),0,17
1758,Manchin (D-WV),0,17
1759,Markey (D-MA),0,17
1760,McCaskill (D-MO),0,17
1761,McConnell (R-KY),1,17
1762,Menendez (D-NJ),0,17
1763,Merkley (D-OR),0,17
1764,Moran (R-KS),0,17
1765,Murkowski (R-AK),0,17
1766,Murphy (D-CT),0,17
1767,Murray (D-WA),0,17
1768,Nelson (D-FL),0,17
1769,Paul (R-KY),0,17
1770,Perdue (R-GA),1,17
1771,Peters (D-MI),0,17
1772,Portman (R-OH),1,17
1773,Reed (D-RI),0,17
1774,Risch (R-ID),1,17
1775,Roberts (R-KS),1,17
1776,Rounds (R-SD),1,17
1777,Rubio (R-FL),1,17
1778,Sanders (I-VT),0,17
1779,Sasse (R-NE),1,17
1780,Schatz (D-HI),0,17
1781,Schumer (D-NY),0,17
1782,Scott (R-SC),1,17
1783,Shaheen (D-NH),0,17
1784,Shelby (R-AL),1,17
1785,Smith (D-MN),0,17
1786,Stabenow (D-MI),0,17
1787,Sullivan (R-AK),1,17
1788,Tester (D-MT),0,17
1789,Thune (R-SD),1,17
1790,Tillis (R-NC),2,17
1791,Toomey (R-PA),1,17
1792,Udall (D-NM),0,17
1793,Van Hollen (D-MD),0,17
1794,Warner (D-VA),0,17
1795,Warren (D-MA),0,17
1796,Whitehouse (D-RI),0,17
1797,Wicker (R-MS),1,17
1798,Wyden (D-OR),0,17
1799,Young (R-IN),0,17
1800,Alexander (R-TN),1,18
1801,Baldwin (D-WI),0,18
1802,Barrasso (R-WY),1,18
1803,Bennet (D-CO),0,18
1804,Blumenthal (D-CT),0,18
1805,Blunt (R-MO),1,18
1806,Booker (D-NJ),0,18
1807,Boozman (R-AR),1,18
1808,Brown (D-OH),0,18
1809,Burr (R-NC),1,18
1810,Cantwell (D-WA),0,18
1811,Capito (R-WV),1,18
1812,Cardin (D-MD),0,18
1813,Carper (D-DE),0,18
1814,Casey (D-PA),0,18
1815,Cassidy (R-LA),0,18
1816,Collins (R-ME),0,18
1817,Coons (D-DE),0,18
1818,Corker (R-TN),1,18
1819,Cornyn (R-TX),1,18
1820,Cortez Masto (D-NV),0,18
1821,Cotton (R-AR),1,18
1822,Crapo (R-ID),0,18
1823,Cruz (R-TX),1,18
1824,Daines (R-MT),0,18
1825,Donnelly (D-IN),0,18
1826,Duckworth (D-IL),0,18
1827,Durbin (D-IL),0,18
1828,Enzi (R-WY),1,18
1829,Ernst (R-IA),1,18
1830,Feinstein (D-CA),0,18
1831,Fischer (R-NE),1,18
1832,Flake (R-AZ),0,18
1833,Gardner (R-CO),1,18
1834,Gillibrand (D-NY),0,18
1835,Graham (R-SC),1,18
1836,Grassley (R-IA),1,18
1837,Harris (D-CA),0,18
1838,Hassan (D-NH),0,18
1839,Hatch (R-UT),1,18
1840,Heinrich (D-NM),0,18
1841,Heitkamp (D-ND),0,18
1842,Heller (R-NV),1,18
1843,Hirono (D-HI),0,18
1844,Hoeven (R-ND),1,18
1845,Hyde-Smith (R-MS),1,18
1846,Inhofe (R-OK),1,18
1847,Isakson (R-GA),1,18
1848,Johnson (R-WI),1,18
1849,Jones (D-AL),0,18
1850,Kaine (D-VA),0,18
1851,Kennedy (R-LA),1,18
1852,King (I-ME),0,18
1853,Klobuchar (D-MN),0,18
1854,Kyl (R-AZ),1,18
1855,Lankford (R-OK),1,18
1856,Leahy (D-VT),0,18
1857,Lee (R-UT),0,18
1858,Manchin (D-WV),0,18
1859,Markey (D-MA),0,18
1860,McCaskill (D-MO),0,18
1861,McConnell (R-KY),1,18
1862,Menendez (D-NJ),0,18
1863,Merkley (D-OR),0,18
1864,Moran (R-KS),0,18
1865,Murkowski (R-AK),0,18
1866,Murphy (D-CT),0,18
1867,Murray (D-WA),0,18
1868,Nelson (D-FL),0,18
1869,Paul (R-KY),0,18
1870,Perdue (R-GA),1,18
1871,Peters (D-MI),0,18
1872,Portman (R-OH),1,18
1873,Reed (D-RI),0,18
1874,Risch (R-ID),0,18
1875,Roberts (R-KS),1,18
1876,Rounds (R-SD),1,18
1877,Rubio (R-FL),1,18
1878,Sanders (I-VT),0,18
1879,Sasse (R-NE),1,18
1880,Schatz (D-HI),0,18
1881,Schumer (D-NY),0,18
1882,Scott (R-SC),1,18
1883,Shaheen (D-NH),0,18
1884,Shelby (R-AL),1,18
1885,Smith (D-MN),0,18
1886,Stabenow (D-MI),0,18
1887,Sullivan (R-AK),1,18
1888,Tester (D-MT),0,18
1889,Thune (R-SD),1,18
1890,Tillis (R-NC),2,18
1891,Toomey (R-PA),1,18
1892,Udall (D-NM),0,18
1893,Van Hollen (D-MD),0,18
1894,Warner (D-VA),0,18
1895,Warren (D-MA),0,18
1896,Whitehouse (D-RI),0,18
1897,Wicker (R-MS),1,18
1898,Wyden (D-OR),0,18
1899,Young (R-IN),0,18
1900,Alexander (R-TN),1,19
1901,Baldwin (D-WI),0,19
1902,Barrasso (R-WY),1,19
1903,Bennet (D-CO),0,19
1904,Blumenthal (D-CT),0,19
1905,Blunt (R-MO),1,19
1906,Booker (D-NJ),0,19
1907,Boozman (R-AR),1,19
1908,Brown (D-OH),0,19
1909,Burr (R-NC),1,19
1910,Cantwell (D-WA),0,19
1911,Capito (R-WV),1,19
1912,Cardin (D-MD),0,19
1913,Carper (D-DE),0,19
1914,Casey (D-PA),0,19
1915,Cassidy (R-LA),1,19
1916,Collins (R-ME),0,19
1917,Coons (D-DE),0,19
1918,Corker (R-TN),1,19
1919,Cornyn (R-TX),1,19
1920,Cortez Masto (D-NV),0,19
1921,Cotton (R-AR),1,19
1922,Crapo (R-ID),1,19
1923,Cruz (R-TX),1,19
1924,Daines (R-MT),1,19
1925,Donnelly (D-IN),0,19
1926,Duckworth (D-IL),0,19
1927,Durbin (D-IL),0,19
1928,Enzi (R-WY),1,19
1929,Ernst (R-IA),1,19
1930,Feinstein (D-CA),0,19
1931,Fischer (R-NE),1,19
1932,Flake (R-AZ),1,19
1933,Gardner (R-CO),1,19
1934,Gillibrand (D-NY),0,19
1935,Graham (R-SC),1,19
1936,Grassley (R-IA),1,19
1937,Harris (D-CA),0,19
1938,Hassan (D-NH),0,19
1939,Hatch (R-UT),1,19
1940,Heinrich (D-NM),0,19
1941,Heitkamp (D-ND),0,19
1942,Heller (R-NV),1,19
1943,Hirono (D-HI),0,19
1944,Hoeven (R-ND),1,19
1945,Hyde-Smith (R-MS),1,19
1946,Inhofe (R-OK),1,19
1947,Isakson (R-GA),1,19
1948,Johnson (R-WI),1,19
1949,Jones (D-AL),0,19
1950,Kaine (D-VA),0,19
1951,Kennedy (R-LA),1,19
1952,King (I-ME),0,19
1953,Klobuchar (D-MN),0,19
1954,Kyl (R-AZ),1,19
1955,Lankford (R-OK),1,19
1956,Leahy (D-VT),0,19
1957,Lee (R-UT),1,19
1958,Manchin (D-WV),0,19
1959,Markey (D-MA),0,19
1960,McCaskill (D-MO),0,19
1961,McConnell (R-KY),1,19
1962,Menendez (D-NJ),0,19
1963,Merkley (D-OR),0,19
1964,Moran (R-KS),1,19
1965,Murkowski (R-AK),1,19
1966,Murphy (D-CT),0,19
1967,Murray (D-WA),0,19
1968,Nelson (D-FL),0,19
1969,Paul (R-KY),1,19
1970,Perdue (R-GA),1,19
1971,Peters (D-MI),0,19
1972,Portman (R-OH),1,19
1973,Reed (D-RI),0,19
1974,Risch (R-ID),1,19
1975,Roberts (R-KS),1,19
1976,Rounds (R-SD),1,19
1977,Rubio (R-FL),1,19
1978,Sanders (I-VT),0,19
1979,Sasse (R-NE),1,19
1980,Schatz (D-HI),0,19
1981,Schumer (D-NY),0,19
1982,Scott (R-SC),1,19
1983,Shaheen (D-NH),0,19
1984,Shelby (R-AL),1,19
1985,Smith (D-MN),0,19
1986,Stabenow (D-MI),0,19
1987,Sullivan (R-AK),1,19
1988,Tester (D-MT),0,19
1989,Thune (R-SD),1,19
1990,Tillis (R-NC),2,19
1991,Toomey (R-PA),1,19
1992,Udall (D-NM),0,19
1993,Van Hollen (D-MD),0,19
1994,Warner (D-VA),0,19
1995,Warren (D-MA),0,19
1996,Whitehouse (D-RI),0,19
1997,Wicker (R-MS),1,19
1998,Wyden (D-OR),0,19
1999,Young (R-IN),1,19
2000,Alexander (R-TN),1,20
2001,Baldwin (D-WI),0,20
2002,Barrasso (R-WY),1,20
2003,Bennet (D-CO),0,20
2004,Blumenthal (D-CT),0,20
2005,Blunt (R-MO),1,20
2006,Booker (D-NJ),0,20
2007,Boozman (R-AR),1,20
2008,Brown (D-OH),0,20
2009,Burr (R-NC),1,20
2010,Cantwell (D-WA),0,20
2011,Capito (R-WV),1,20
2012,Cardin (D-MD),0,20
2013,Carper (D-DE),0,20
2014,Casey (D-PA),0,20
2015,Cassidy (R-LA),1,20
2016,Collins (R-ME),0,20
2017,Coons (D-DE),0,20
2018,Corker (R-TN),1,20
2019,Cornyn (R-TX),1,20
2020,Cortez Masto (D-NV),0,20
2021,Cotton (R-AR),1,20
2022,Crapo (R-ID),1,20
2023,Cruz (R-TX),1,20
2024,Daines (R-MT),1,20
2025,Donnelly (D-IN),0,20
2026,Duckworth (D-IL),0,20
2027,Durbin (D-IL),0,20
2028,Enzi (R-WY),1,20
2029,Ernst (R-IA),1,20
2030,Feinstein (D-CA),0,20
2031,Fischer (R-NE),1,20
2032,Flake (R-AZ),1,20
2033,Gardner (R-CO),1,20
2034,Gillibrand (D-NY),0,20
2035,Graham (R-SC),1,20
2036,Grassley (R-IA),1,20
2037,Harris (D-CA),0,20
2038,Hassan (D-NH),0,20
2039,Hatch (R-UT),1,20
2040,Heinrich (D-NM),0,20
2041,Heitkamp (D-ND),0,20
2042,Heller (R-NV),1,20
2043,Hirono (D-HI),0,20
2044,Hoeven (R-ND),1,20
2045,Hyde-Smith (R-MS),1,20
2046,Inhofe (R-OK),1,20
2047,Isakson (R-GA),1,20
2048,Johnson (R-WI),1,20
2049,Jones (D-AL),0,20
2050,Kaine (D-VA),0,20
2051,Kennedy (R-LA),1,20
2052,King (I-ME),0,20
2053,Klobuchar (D-MN),0,20
2054,Kyl (R-AZ),1,20
2055,Lankford (R-OK),1,20
2056,Leahy (D-VT),0,20
2057,Lee (R-UT),1,20
2058,Manchin (D-WV),0,20
2059,Markey (D-MA),0,20
2060,McCaskill (D-MO),0,20
2061,McConnell (R-KY),1,20
2062,Menendez (D-NJ),0,20
2063,Merkley (D-OR),0,20
2064,Moran (R-KS),1,20
2065,Murkowski (R-AK),1,20
2066,Murphy (D-CT),0,20
2067,Murray (D-WA),0,20
2068,Nelson (D-FL),0,20
2069,Paul (R-KY),1,20
2070,Perdue (R-GA),1,20
2071,Peters (D-MI),0,20
2072,Portman (R-OH),1,20
2073,Reed (D-RI),0,20
2074,Risch (R-ID),1,20
2075,Roberts (R-KS),1,20
2076,Rounds (R-SD),1,20
2077,Rubio (R-FL),1,20
2078,Sanders (I-VT),0,20
2079,Sasse (R-NE),1,20
2080,Schatz (D-HI),0,20
2081,Schumer (D-NY),0,20
2082,Scott (R-SC),1,20
2083,Shaheen (D-NH),0,20
2084,Shelby (R-AL),1,20
2085,Smith (D-MN),0,20
2086,Stabenow (D-MI),0,20
2087,Sullivan (R-AK),1,20
2088,Tester (D-MT),0,20
2089,Thune (R-SD),1,20
2090,Tillis (R-NC),1,20
2091,Toomey (R-PA),1,20
2092,Udall (D-NM),0,20
2093,Van Hollen (D-MD),0,20
2094,Warner (D-VA),0,20
2095,Warren (D-MA),0,20
2096,Whitehouse (D-RI),0,20
2097,Wicker (R-MS),1,20
2098,Wyden (D-OR),0,20
2099,Young (R-IN),1,20
2100,Alexander (R-TN),0,21
2101,Baldwin (D-WI),0,21
2102,Barrasso (R-WY),0,21
2103,Bennet (D-CO),0,21
2104,Blumenthal (D-CT),0,21
2105,Blunt (R-MO),0,21
2106,Booker (D-NJ),0,21
2107,Boozman (R-AR),0,21
2108,Brown (D-OH),0,21
2109,Burr (R-NC),0,21
2110,Cantwell (D-WA),0,21
2111,Capito (R-WV),0,21
2112,Cardin (D-MD),0,21
2113,Carper (D-DE),0,21
2114,Casey (D-PA),0,21
2115,Cassidy (R-LA),0,21
2116,Collins (R-ME),0,21
2117,Coons (D-DE),0,21
2118,Corker (R-TN),0,21
2119,Cornyn (R-TX),0,21
2120,Cortez Masto (D-NV),0,21
2121,Cotton (R-AR),0,21
2122,Crapo (R-ID),0,21
2123,Cruz (R-TX),0,21
2124,Daines (R-MT),0,21
2125,Donnelly (D-IN),0,21
2126,Duckworth (D-IL),0,21
2127,Durbin (D-IL),0,21
2128,Enzi (R-WY),0,21
2129,Ernst (R-IA),0,21
2130,Feinstein (D-CA),0,21
2131,Fischer (R-NE),0,21
2132,Flake (R-AZ),0,21
2133,Gardner (R-CO),0,21
2134,Gillibrand (D-NY),0,21
2135,Graham (R-SC),0,21
2136,Grassley (R-IA),0,21
2137,Harris (D-CA),0,21
2138,Hassan (D-NH),0,21
2139,Hatch (R-UT),0,21
2140,Heinrich (D-NM),0,21
2141,Heitkamp (D-ND),0,21
2142,Heller (R-NV),0,21
2143,Hirono (D-HI),0,21
2144,Hoeven (R-ND),0,21
2145,Hyde-Smith (R-MS),0,21
2146,Inhofe (R-OK),0,21
2147,Isakson (R-GA),0,21
2148,Johnson (R-WI),0,21
2149,Jones (D-AL),0,21
2150,Kaine (D-VA),0,21
2151,Kennedy (R-LA),0,21
2152,King (I-ME),0,21
2153,Klobuchar (D-MN),0,21
2154,Kyl (R-AZ),0,21
2155,Lankford (R-OK),0,21
2156,Leahy (D-VT),0,21
2157,Lee (R-UT),1,21
2158,Manchin (D-WV),0,21
2159,Markey (D-MA),0,21
2160,McCaskill (D-MO),0,21
2161,McConnell (R-KY),0,21
2162,Menendez (D-NJ),0,21
2163,Merkley (D-OR),0,21
2164,Moran (R-KS),0,21
2165,Murkowski (R-AK),0,21
2166,Murphy (D-CT),0,21
2167,Murray (D-WA),0,21
2168,Nelson (D-FL),0,21
2169,Paul (R-KY),0,21
2170,Perdue (R-GA),0,21
2171,Peters (D-MI),0,21
2172,Portman (R-OH),0,21
2173,Reed (D-RI),0,21
2174,Risch (R-ID),0,21
2175,Roberts (R-KS),0,21
2176,Rounds (R-SD),0,21
2177,Rubio (R-FL),0,21
2178,Sanders (I-VT),0,21
2179,Sasse (R-NE),0,21
2180,Schatz (D-HI),0,21
2181,Schumer (D-NY),0,21
2182,Scott (R-SC),0,21
2183,Shaheen (D-NH),0,21
2184,Shelby (R-AL),0,21
2185,Smith (D-MN),0,21
2186,Stabenow (D-MI),0,21
2187,Sullivan (R-AK),0,21
2188,Tester (D-MT),0,21
2189,Thune (R-SD),0,21
2190,Tillis (R-NC),0,21
2191,Toomey (R-PA),0,21
2192,Udall (D-NM),0,21
2193,Van Hollen (D-MD),0,21
2194,Warner (D-VA),0,21
2195,Warren (D-MA),0,21
2196,Whitehouse (D-RI),0,21
2197,Wicker (R-MS),0,21
2198,Wyden (D-OR),0,21
2199,Young (R-IN),0,21
2200,Alexander (R-TN),0,22
2201,Baldwin (D-WI),0,22
2202,Barrasso (R-WY),0,22
2203,Bennet (D-CO),0,22
2204,Blumenthal (D-CT),0,22
2205,Blunt (R-MO),0,22
2206,Booker (D-NJ),2,22
2207,Boozman (R-AR),0,22
2208,Brown (D-OH),0,22
2209,Burr (R-NC),1,22
2210,Cantwell (D-WA),0,22
2211,Capito (R-WV),0,22
2212,Cardin (D-MD),0,22
2213,Carper (D-DE),0,22
2214,Casey (D-PA),0,22
2215,Cassidy (R-LA),0,22
2216,Collins (R-ME),0,22
2217,Coons (D-DE),0,22
2218,Corker (R-TN),0,22
2219,Cornyn (R-TX),0,22
2220,Cortez Masto (D-NV),0,22
2221,Cotton (R-AR),0,22
2222,Crapo (R-ID),0,22
2223,Cruz (R-TX),0,22
2224,Daines (R-MT),0,22
2225,Donnelly (D-IN),0,22
2226,Duckworth (D-IL),0,22
2227,Durbin (D-IL),0,22
2228,Enzi (R-WY),0,22
2229,Ernst (R-IA),0,22
2230,Feinstein (D-CA),0,22
2231,Fischer (R-NE),0,22
2232,Flake (R-AZ),0,22
2233,Gardner (R-CO),0,22
2234,Gillibrand (D-NY),0,22
2235,Graham (R-SC),0,22
2236,Grassley (R-IA),0,22
2237,Harris (D-CA),0,22
2238,Hassan (D-NH),0,22
2239,Hatch (R-UT),0,22
2240,Heinrich (D-NM),0,22
2241,Heitkamp (D-ND),0,22
2242,Heller (R-NV),0,22
2243,Hirono (D-HI),0,22
2244,Hoeven (R-ND),0,22
2245,Hyde-Smith (R-MS),0,22
2246,Inhofe (R-OK),0,22
2247,Isakson (R-GA),0,22
2248,Johnson (R-WI),0,22
2249,Jones (D-AL),0,22
2250,Kaine (D-VA),0,22
2251,Kennedy (R-LA),0,22
2252,King (I-ME),0,22
2253,Klobuchar (D-MN),0,22
2254,Kyl (R-AZ),0,22
2255,Lankford (R-OK),0,22
2256,Leahy (D-VT),0,22
2257,Lee (R-UT),1,22
2258,Manchin (D-WV),0,22
2259,Markey (D-MA),0,22
2260,McCaskill (D-MO),0,22
2261,McConnell (R-KY),0,22
2262,Menendez (D-NJ),0,22
2263,Merkley (D-OR),0,22
2264,Moran (R-KS),0,22
2265,Murkowski (R-AK),0,22
2266,Murphy (D-CT),0,22
2267,Murray (D-WA),0,22
2268,Nelson (D-FL),0,22
2269,Paul (R-KY),0,22
2270,Perdue (R-GA),0,22
2271,Peters (D-MI),0,22
2272,Portman (R-OH),0,22
2273,Reed (D-RI),0,22
2274,Risch (R-ID),0,22
2275,Roberts (R-KS),0,22
2276,Rounds (R-SD),0,22
2277,Rubio (R-FL),0,22
2278,Sanders (I-VT),0,22
2279,Sasse (R-NE),0,22
2280,Schatz (D-HI),1,22
2281,Schumer (D-NY),0,22
2282,Scott (R-SC),0,22
2283,Shaheen (D-NH),0,22
2284,Shelby (R-AL),0,22
2285,Smith (D-MN),0,22
2286,Stabenow (D-MI),0,22
2287,Sullivan (R-AK),0,22
2288,Tester (D-MT),0,22
2289,Thune (R-SD),0,22
2290,Tillis (R-NC),0,22
2291,Toomey (R-PA),0,22
2292,Udall (D-NM),0,22
2293,Van Hollen (D-MD),0,22
2294,Warner (D-VA),0,22
2295,Warren (D-MA),0,22
2296,Whitehouse (D-RI),0,22
2297,Wicker (R-MS),0,22
2298,Wyden (D-OR),0,22
2299,Young (R-IN),0,22
2300,Alexander (R-TN),0,23
2301,Baldwin (D-WI),0,23
2302,Barrasso (R-WY),0,23
2303,Bennet (D-CO),0,23
2304,Blumenthal (D-CT),0,23
2305,Blunt (R-MO),0,23
2306,Booker (D-NJ),0,23
2307,Boozman (R-AR),0,23
2308,Brown (D-OH),0,23
2309,Burr (R-NC),0,23
2310,Cantwell (D-WA),0,23
2311,Capito (R-WV),0,23
2312,Cardin (D-MD),0,23
2313,Carper (D-DE),0,23
2314,Casey (D-PA),0,23
2315,Cassidy (R-LA),0,23
2316,Collins (R-ME),0,23
2317,Coons (D-DE),0,23
2318,Corker (R-TN),0,23
2319,Cornyn (R-TX),0,23
2320,Cortez Masto (D-NV),0,23
2321,Cotton (R-AR),0,23
2322,Crapo (R-ID),0,23
2323,Cruz (R-TX),0,23
2324,Daines (R-MT),0,23
2325,Donnelly (D-IN),0,23
2326,Duckworth (D-IL),0,23
2327,Durbin (D-IL),0,23
2328,Enzi (R-WY),0,23
2329,Ernst (R-IA),0,23
2330,Feinstein (D-CA),0,23
2331,Fischer (R-NE),0,23
2332,Flake (R-AZ),0,23
2333,Gardner (R-CO),0,23
2334,Gillibrand (D-NY),0,23
2335,Graham (R-SC),0,23
2336,Grassley (R-IA),0,23
2337,Harris (D-CA),0,23
2338,Hassan (D-NH),0,23
2339,Hatch (R-UT),0,23
2340,Heinrich (D-NM),0,23
2341,Heitkamp (D-ND),0,23
2342,Heller (R-NV),0,23
2343,Hirono (D-HI),0,23
2344,Hoeven (R-ND),0,23
2345,Hyde-Smith (R-MS),0,23
2346,Inhofe (R-OK),0,23
2347,Isakson (R-GA),0,23
2348,Johnson (R-WI),0,23
2349,Jones (D-AL),0,23
2350,Kaine (D-VA),0,23
2351,Kennedy (R-LA),0,23
2352,King (I-ME),0,23
2353,Klobuchar (D-MN),0,23
2354,Kyl (R-AZ),0,23
2355,Lankford (R-OK),0,23
2356,Leahy (D-VT),0,23
2357,Lee (R-UT),1,23
2358,Manchin (D-WV),0,23
2359,Markey (D-MA),0,23
2360,McCaskill (D-MO),0,23
2361,McConnell (R-KY),0,23
2362,Menendez (D-NJ),0,23
2363,Merkley (D-OR),0,23
2364,Moran (R-KS),0,23
2365,Murkowski (R-AK),0,23
2366,Murphy (D-CT),0,23
2367,Murray (D-WA),0,23
2368,Nelson (D-FL),0,23
2369,Paul (R-KY),1,23
2370,Perdue (R-GA),0,23
2371,Peters (D-MI),0,23
2372,Portman (R-OH),0,23
2373,Reed (D-RI),0,23
2374,Risch (R-ID),0,23
2375,Roberts (R-KS),0,23
2376,Rounds (R-SD),0,23
2377,Rubio (R-FL),0,23
2378,Sanders (I-VT),0,23
2379,Sasse (R-NE),0,23
2380,Schatz (D-HI),0,23
2381,Schumer (D-NY),0,23
2382,Scott (R-SC),0,23
2383,Shaheen (D-NH),0,23
2384,Shelby (R-AL),0,23
2385,Smith (D-MN),0,23
2386,Stabenow (D-MI),0,23
2387,Sullivan (R-AK),0,23
2388,Tester (D-MT),0,23
2389,Thune (R-SD),0,23
2390,Tillis (R-NC),0,23
2391,Toomey (R-PA),0,23
2392,Udall (D-NM),0,23
2393,Van Hollen (D-MD),0,23
2394,Warner (D-VA),0,23
2395,Warren (D-MA),0,23
2396,Whitehouse (D-RI),0,23
2397,Wicker (R-MS),0,23
2398,Wyden (D-OR),0,23
2399,Young (R-IN),0,23
2400,Alexander (R-TN),0,24
2401,Baldwin (D-WI),0,24
2402,Barrasso (R-WY),1,24
2403,Bennet (D-CO),0,24
2404,Blumenthal (D-CT),0,24
2405,Blunt (R-MO),0,24
2406,Booker (D-NJ),0,24
2407,Boozman (R-AR),0,24
2408,Brown (D-OH),0,24
2409,Burr (R-NC),0,24
2410,Cantwell (D-WA),0,24
2411,Capito (R-WV),0,24
2412,Cardin (D-MD),0,24
2413,Carper (D-DE),0,24
2414,Casey (D-PA),0,24
2415,Cassidy (R-LA),0,24
2416,Collins (R-ME),0,24
2417,Coons (D-DE),0,24
2418,Corker (R-TN),0,24
2419,Cornyn (R-TX),0,24
2420,Cortez Masto (D-NV),0,24
2421,Cotton (R-AR),1,24
2422,Crapo (R-ID),0,24
2423,Cruz (R-TX),0,24
2424,Daines (R-MT),0,24
2425,Donnelly (D-IN),0,24
2426,Duckworth (D-IL),0,24
2427,Durbin (D-IL),0,24
2428,Enzi (R-WY),1,24
2429,Ernst (R-IA),0,24
2430,Feinstein (D-CA),0,24
2431,Fischer (R-NE),0,24
2432,Flake (R-AZ),2,24
2433,Gardner (R-CO),0,24
2434,Gillibrand (D-NY),0,24
2435,Graham (R-SC),0,24
2436,Grassley (R-IA),0,24
2437,Harris (D-CA),0,24
2438,Hassan (D-NH),0,24
2439,Hatch (R-UT),0,24
2440,Heinrich (D-NM),0,24
2441,Heitkamp (D-ND),0,24
2442,Heller (R-NV),0,24
2443,Hirono (D-HI),0,24
2444,Hoeven (R-ND),0,24
2445,Hyde-Smith (R-MS),0,24
2446,Inhofe (R-OK),1,24
2447,Isakson (R-GA),0,24
2448,Johnson (R-WI),1,24
2449,Jones (D-AL),0,24
2450,Kaine (D-VA),0,24
2451,Kennedy (R-LA),0,24
2452,King (I-ME),0,24
2453,Klobuchar (D-MN),0,24
2454,Lankford (R-OK),1,24
2455,Leahy (D-VT),0,24
2456,Lee (R-UT),1,24
2457,Manchin (D-WV),0,24
2458,Markey (D-MA),0,24
2459,McCain (R-AZ),2,24
2460,McCaskill (D-MO),0,24
2461,McConnell (R-KY),0,24
2462,Menendez (D-NJ),0,24
2463,Merkley (D-OR),0,24
2464,Moran (R-KS),0,24
2465,Murkowski (R-AK),0,24
2466,Murphy (D-CT),0,24
2467,Murray (D-WA),0,24
2468,Nelson (D-FL),0,24
2469,Paul (R-KY),1,24
2470,Perdue (R-GA),0,24
2471,Peters (D-MI),0,24
2472,Portman (R-OH),0,24
2473,Reed (D-RI),0,24
2474,Risch (R-ID),1,24
2475,Roberts (R-KS),0,24
2476,Rounds (R-SD),0,24
2477,Rubio (R-FL),0,24
2478,Sanders (I-VT),0,24
2479,Sasse (R-NE),1,24
2480,Schatz (D-HI),0,24
2481,Schumer (D-NY),0,24
2482,Scott (R-SC),0,24
2483,Shaheen (D-NH),0,24
2484,Shelby (R-AL),1,24
2485,Smith (D-MN),0,24
2486,Stabenow (D-MI),0,24
2487,Sullivan (R-AK),0,24
2488,Tester (D-MT),0,24
2489,Thune (R-SD),0,24
2490,Tillis (R-NC),0,24
2491,Toomey (R-PA),1,24
2492,Udall (D-NM),0,24
2493,Van Hollen (D-MD),0,24
2494,Warner (D-VA),0,24
2495,Warren (D-MA),0,24
2496,Whitehouse (D-RI),0,24
2497,Wicker (R-MS),0,24
2498,Wyden (D-OR),0,24
2499,Young (R-IN),0,24
2500,Alexander (R-TN),0,25
2501,Baldwin (D-WI),0,25
2502,Barrasso (R-WY),0,25
2503,Bennet (D-CO),0,25
2504,Blumenthal (D-CT),0,25
2505,Blunt (R-MO),0,25
2506,Booker (D-NJ),0,25
2507,Boozman (R-AR),0,25
2508,Brown (D-OH),0,25
2509,Burr (R-NC),0,25
2510,Cantwell (D-WA),0,25
2511,Capito (R-WV),0,25
2512,Cardin (D-MD),0,25
2513,Carper (D-DE),0,25
2514,Casey (D-PA),0,25
2515,Cassidy (R-LA),0,25
2516,Collins (R-ME),0,25
2517,Coons (D-DE),0,25
2518,Corker (R-TN),1,25
2519,Cornyn (R-TX),0,25
2520,Cortez Masto (D-NV),0,25
2521,Cotton (R-AR),0,25
2522,Crapo (R-ID),0,25
2523,Cruz (R-TX),0,25
2524,Daines (R-MT),0,25
2525,Donnelly (D-IN),0,25
2526,Duckworth (D-IL),2,25
2527,Durbin (D-IL),0,25
2528,Enzi (R-WY),0,25
2529,Ernst (R-IA),0,25
2530,Feinstein (D-CA),0,25
2531,Fischer (R-NE),0,25
2532,Flake (R-AZ),2,25
2533,Gardner (R-CO),0,25
2534,Gillibrand (D-NY),0,25
2535,Graham (R-SC),0,25
2536,Grassley (R-IA),0,25
2537,Harris (D-CA),0,25
2538,Hassan (D-NH),0,25
2539,Hatch (R-UT),0,25
2540,Heinrich (D-NM),0,25
2541,Heitkamp (D-ND),0,25
2542,Heller (R-NV),0,25
2543,Hirono (D-HI),0,25
2544,Hoeven (R-ND),0,25
2545,Hyde-Smith (R-MS),0,25
2546,Inhofe (R-OK),0,25
2547,Isakson (R-GA),0,25
2548,Johnson (R-WI),0,25
2549,Jones (D-AL),0,25
2550,Kaine (D-VA),0,25
2551,Kennedy (R-LA),0,25
2552,King (I-ME),0,25
2553,Klobuchar (D-MN),0,25
2554,Lankford (R-OK),0,25
2555,Leahy (D-VT),0,25
2556,Lee (R-UT),0,25
2557,Manchin (D-WV),0,25
2558,Markey (D-MA),0,25
2559,McCain (R-AZ),2,25
2560,McCaskill (D-MO),0,25
2561,McConnell (R-KY),0,25
2562,Menendez (D-NJ),0,25
2563,Merkley (D-OR),1,25
2564,Moran (R-KS),0,25
2565,Murkowski (R-AK),0,25
2566,Murphy (D-CT),0,25
2567,Murray (D-WA),0,25
2568,Nelson (D-FL),0,25
2569,Paul (R-KY),0,25
2570,Perdue (R-GA),0,25
2571,Peters (D-MI),0,25
2572,Portman (R-OH),0,25
2573,Reed (D-RI),0,25
2574,Risch (R-ID),0,25
2575,Roberts (R-KS),0,25
2576,Rounds (R-SD),1,25
2577,Rubio (R-FL),0,25
2578,Sanders (I-VT),1,25
2579,Sasse (R-NE),0,25
2580,Schatz (D-HI),1,25
2581,Schumer (D-NY),0,25
2582,Scott (R-SC),0,25
2583,Shaheen (D-NH),0,25
2584,Shelby (R-AL),0,25
2585,Smith (D-MN),0,25
2586,Stabenow (D-MI),0,25
2587,Sullivan (R-AK),0,25
2588,Tester (D-MT),0,25
2589,Thune (R-SD),0,25
2590,Tillis (R-NC),0,25
2591,Toomey (R-PA),0,25
2592,Udall (D-NM),0,25
2593,Van Hollen (D-MD),0,25
2594,Warner (D-VA),0,25
2595,Warren (D-MA),0,25
2596,Whitehouse (D-RI),0,25
2597,Wicker (R-MS),0,25
2598,Wyden (D-OR),0,25
2599,Young (R-IN),0,25
2600,Alexander (R-TN),1,26
2601,Baldwin (D-WI),1,26
2602,Barrasso (R-WY),0,26
2603,Bennet (D-CO),1,26
2604,Blumenthal (D-CT),1,26
2605,Blunt (R-MO),1,26
2606,Booker (D-NJ),2,26
2607,Boozman (R-AR),1,26
2608,Brown (D-OH),1,26
2609,Burr (R-NC),1,26
2610,Cantwell (D-WA),1,26
2611,Capito (R-WV),1,26
2612,Cardin (D-MD),1,26
2613,Carper (D-DE),1,26
2614,Casey (D-PA),1,26
2615,Cassidy (R-LA),1,26
2616,Collins (R-ME),1,26
2617,Coons (D-DE),1,26
2618,Corker (R-TN),1,26
2619,Cornyn (R-TX),0,26
2620,Cortez Masto (D-NV),1,26
2621,Cotton (R-AR),1,26
2622,Crapo (R-ID),0,26
2623,Cruz (R-TX),0,26
2624,Daines (R-MT),0,26
2625,Donnelly (D-IN),1,26
2626,Duckworth (D-IL),2,26
2627,Durbin (D-IL),1,26
2628,Enzi (R-WY),0,26
2629,Ernst (R-IA),0,26
2630,Feinstein (D-CA),1,26
2631,Fischer (R-NE),0,26
2632,Flake (R-AZ),0,26
2633,Gardner (R-CO),1,26
2634,Gillibrand (D-NY),1,26
2635,Graham (R-SC),1,26
2636,Grassley (R-IA),0,26
2637,Harris (D-CA),1,26
2638,Hassan (D-NH),1,26
2639,Hatch (R-UT),1,26
2640,Heinrich (D-NM),1,26
2641,Heitkamp (D-ND),1,26
2642,Heller (R-NV),1,26
2643,Hirono (D-HI),1,26
2644,Hoeven (R-ND),1,26
2645,Hyde-Smith (R-MS),1,26
2646,Inhofe (R-OK),1,26
2647,Isakson (R-GA),1,26
2648,Johnson (R-WI),0,26
2649,Jones (D-AL),1,26
2650,Kaine (D-VA),1,26
2651,Kennedy (R-LA),0,26
2652,King (I-ME),1,26
2653,Klobuchar (D-MN),1,26
2654,Lankford (R-OK),0,26
2655,Leahy (D-VT),1,26
2656,Lee (R-UT),0,26
2657,Manchin (D-WV),1,26
2658,Markey (D-MA),1,26
2659,McCain (R-AZ),2,26
2660,McCaskill (D-MO),1,26
2661,McConnell (R-KY),1,26
2662,Menendez (D-NJ),1,26
2663,Merkley (D-OR),1,26
2664,Moran (R-KS),0,26
2665,Murkowski (R-AK),1,26
2666,Murphy (D-CT),1,26
2667,Murray (D-WA),1,26
2668,Nelson (D-FL),1,26
2669,Paul (R-KY),0,26
2670,Perdue (R-GA),1,26
2671,Peters (D-MI),1,26
2672,Portman (R-OH),1,26
2673,Reed (D-RI),1,26
2674,Risch (R-ID),0,26
2675,Roberts (R-KS),1,26
2676,Rounds (R-SD),1,26
2677,Rubio (R-FL),0,26
2678,Sanders (I-VT),1,26
2679,Sasse (R-NE),0,26
2680,Schatz (D-HI),1,26
2681,Schumer (D-NY),1,26
2682,Scott (R-SC),0,26
2683,Shaheen (D-NH),1,26
2684,Shelby (R-AL),1,26
2685,Smith (D-MN),1,26
2686,Stabenow (D-MI),1,26
2687,Sullivan (R-AK),1,26
2688,Tester (D-MT),1,26
2689,Thune (R-SD),1,26
2690,Tillis (R-NC),1,26
2691,Toomey (R-PA),0,26
2692,Udall (D-NM),1,26
2693,Van Hollen (D-MD),1,26
2694,Warner (D-VA),1,26
2695,Warren (D-MA),1,26
2696,Whitehouse (D-RI),1,26
2697,Wicker (R-MS),1,26
2698,Wyden (D-OR),1,26
2699,Young (R-IN),1,26
2700,Alexander (R-TN),1,27
2701,Baldwin (D-WI),0,27
2702,Barrasso (R-WY),1,27
2703,Bennet (D-CO),0,27
2704,Blumenthal (D-CT),0,27
2705,Blunt (R-MO),1,27
2706,Booker (D-NJ),0,27
2707,Boozman (R-AR),1,27
2708,Brown (D-OH),0,27
2709,Burr (R-NC),1,27
2710,Cantwell (D-WA),0,27
2711,Capito (R-WV),1,27
2712,Cardin (D-MD),0,27
2713,Carper (D-DE),0,27
2714,Casey (D-PA),0,27
2715,Cassidy (R-LA),1,27
2716,Collins (R-ME),0,27
2717,Coons (D-DE),0,27
2718,Corker (R-TN),1,27
2719,Cornyn (R-TX),1,27
2720,Cortez Masto (D-NV),0,27
2721,Cotton (R-AR),1,27
2722,Crapo (R-ID),1,27
2723,Cruz (R-TX),1,27
2724,Daines (R-MT),1,27
2725,Donnelly (D-IN),0,27
2726,Duckworth (D-IL),0,27
2727,Durbin (D-IL),0,27
2728,Enzi (R-WY),1,27
2729,Ernst (R-IA),1,27
2730,Feinstein (D-CA),0,27
2731,Fischer (R-NE),1,27
2732,Flake (R-AZ),1,27
2733,Gardner (R-CO),1,27
2734,Gillibrand (D-NY),0,27
2735,Graham (R-SC),1,27
2736,Grassley (R-IA),1,27
2737,Harris (D-CA),0,27
2738,Hassan (D-NH),0,27
2739,Hatch (R-UT),1,27
2740,Heinrich (D-NM),0,27
2741,Heitkamp (D-ND),0,27
2742,Heller (R-NV),1,27
2743,Hirono (D-HI),0,27
2744,Hoeven (R-ND),1,27
2745,Hyde-Smith (R-MS),1,27
2746,Inhofe (R-OK),1,27
2747,Isakson (R-GA),1,27
2748,Johnson (R-WI),1,27
2749,Jones (D-AL),0,27
2750,Kaine (D-VA),0,27
2751,Kennedy (R-LA),0,27
2752,King (I-ME),0,27
2753,Klobuchar (D-MN),0,27
2754,Lankford (R-OK),1,27
2755,Leahy (D-VT),0,27
2756,Lee (R-UT),1,27
2757,Manchin (D-WV),0,27
2758,Markey (D-MA),0,27
2759,McCain (R-AZ),2,27
2760,McCaskill (D-MO),0,27
2761,McConnell (R-KY),1,27
2762,Menendez (D-NJ),0,27
2763,Merkley (D-OR),0,27
2764,Moran (R-KS),1,27
2765,Murkowski (R-AK),0,27
2766,Murphy (D-CT),0,27
2767,Murray (D-WA),0,27
2768,Nelson (D-FL),0,27
2769,Paul (R-KY),1,27
2770,Perdue (R-GA),1,27
2771,Peters (D-MI),0,27
2772,Portman (R-OH),1,27
2773,Reed (D-RI),0,27
2774,Risch (R-ID),1,27
2775,Roberts (R-KS),1,27
2776,Rounds (R-SD),1,27
2777,Rubio (R-FL),1,27
2778,Sanders (I-VT),0,27
2779,Sasse (R-NE),1,27
2780,Schatz (D-HI),0,27
2781,Schumer (D-NY),0,27
2782,Scott (R-SC),1,27
2783,Shaheen (D-NH),0,27
2784,Shelby (R-AL),1,27
2785,Smith (D-MN),0,27
2786,Stabenow (D-MI),0,27
2787,Sullivan (R-AK),1,27
2788,Tester (D-MT),0,27
2789,Thune (R-SD),1,27
2790,Tillis (R-NC),1,27
2791,Toomey (R-PA),1,27
2792,Udall (D-NM),0,27
2793,Van Hollen (D-MD),0,27
2794,Warner (D-VA),0,27
2795,Warren (D-MA),0,27
2796,Whitehouse (D-RI),0,27
2797,Wicker (R-MS),1,27
2798,Wyden (D-OR),0,27
2799,Young (R-IN),1,27
2800,Alexander (R-TN),1,28
2801,Baldwin (D-WI),0,28
2802,Barrasso (R-WY),1,28
2803,Bennet (D-CO),0,28
2804,Blumenthal (D-CT),0,28
2805,Blunt (R-MO),1,28
2806,Booker (D-NJ),0,28
2807,Boozman (R-AR),1,28
2808,Brown (D-OH),0,28
2809,Burr (R-NC),1,28
2810,Cantwell (D-WA),0,28
2811,Capito (R-WV),1,28
2812,Cardin (D-MD),0,28
2813,Carper (D-DE),0,28
2814,Casey (D-PA),0,28
2815,Cassidy (R-LA),1,28
2816,Collins (R-ME),0,28
2817,Coons (D-DE),0,28
2818,Corker (R-TN),1,28
2819,Cornyn (R-TX),1,28
2820,Cortez Masto (D-NV),0,28
2821,Cotton (R-AR),1,28
2822,Crapo (R-ID),1,28
2823,Cruz (R-TX),1,28
2824,Daines (R-MT),1,28
2825,Donnelly (D-IN),0,28
2826,Duckworth (D-IL),0,28
2827,Durbin (D-IL),0,28
2828,Enzi (R-WY),1,28
2829,Ernst (R-IA),1,28
2830,Feinstein (D-CA),0,28
2831,Fischer (R-NE),1,28
2832,Flake (R-AZ),1,28
2833,Gardner (R-CO),1,28
2834,Gillibrand (D-NY),0,28
2835,Graham (R-SC),1,28
2836,Grassley (R-IA),1,28
2837,Harris (D-CA),0,28
2838,Hassan (D-NH),0,28
2839,Hatch (R-UT),1,28
2840,Heinrich (D-NM),0,28
2841,Heitkamp (D-ND),0,28
2842,Heller (R-NV),1,28
2843,Hirono (D-HI),0,28
2844,Hoeven (R-ND),1,28
2845,Hyde-Smith (R-MS),1,28
2846,Inhofe (R-OK),1,28
2847,Isakson (R-GA),1,28
2848,Johnson (R-WI),1,28
2849,Jones (D-AL),0,28
2850,Kaine (D-VA),0,28
2851,Kennedy (R-LA),0,28
2852,King (I-ME),0,28
2853,Klobuchar (D-MN),0,28
2854,Lankford (R-OK),1,28
2855,Leahy (D-VT),0,28
2856,Lee (R-UT),1,28
2857,Manchin (D-WV),0,28
2858,Markey (D-MA),0,28
2859,McCain (R-AZ),2,28
2860,McCaskill (D-MO),0,28
2861,McConnell (R-KY),1,28
2862,Menendez (D-NJ),0,28
2863,Merkley (D-OR),0,28
2864,Moran (R-KS),1,28
2865,Murkowski (R-AK),0,28
2866,Murphy (D-CT),0,28
2867,Murray (D-WA),0,28
2868,Nelson (D-FL),0,28
2869,Paul (R-KY),1,28
2870,Perdue (R-GA),1,28
2871,Peters (D-MI),0,28
2872,Portman (R-OH),1,28
2873,Reed (D-RI),0,28
2874,Risch (R-ID),1,28
2875,Roberts (R-KS),1,28
2876,Rounds (R-SD),1,28
2877,Rubio (R-FL),1,28
2878,Sanders (I-VT),0,28
2879,Sasse (R-NE),1,28
2880,Schatz (D-HI),0,28
2881,Schumer (D-NY),0,28
2882,Scott (R-SC),1,28
2883,Shaheen (D-NH),0,28
2884,Shelby (R-AL),1,28
2885,Smith (D-MN),0,28
2886,Stabenow (D-MI),0,28
2887,Sullivan (R-AK),1,28
2888,Tester (D-MT),0,28
2889,Thune (R-SD),1,28
2890,Tillis (R-NC),1,28
2891,Toomey (R-PA),1,28
2892,Udall (D-NM),0,28
2893,Van Hollen (D-MD),0,28
2894,Warner (D-VA),0,28
2895,Warren (D-MA),0,28
2896,Whitehouse (D-RI),0,28
2897,Wicker (R-MS),1,28
2898,Wyden (D-OR),0,28
2899,Young (R-IN),1,28
2900,Alexander (R-TN),0,29
2901,Baldwin (D-WI),1,29
2902,Barrasso (R-WY),0,29
2903,Bennet (D-CO),1,29
2904,Blumenthal (D-CT),1,29
2905,Blunt (R-MO),0,29
2906,Booker (D-NJ),1,29
2907,Boozman (R-AR),0,29
2908,Brown (D-OH),1,29
2909,Burr (R-NC),0,29
2910,Cantwell (D-WA),1,29
2911,Capito (R-WV),0,29
2912,Cardin (D-MD),1,29
2913,Carper (D-DE),1,29
2914,Casey (D-PA),1,29
2915,Cassidy (R-LA),0,29
2916,Collins (R-ME),0,29
2917,Coons (D-DE),1,29
2918,Corker (R-TN),0,29
2919,Cornyn (R-TX),0,29
2920,Cortez Masto (D-NV),1,29
2921,Cotton (R-AR),0,29
2922,Crapo (R-ID),0,29
2923,Cruz (R-TX),0,29
2924,Daines (R-MT),0,29
2925,Donnelly (D-IN),1,29
2926,Duckworth (D-IL),2,29
2927,Durbin (D-IL),1,29
2928,Enzi (R-WY),0,29
2929,Ernst (R-IA),0,29
2930,Feinstein (D-CA),1,29
2931,Fischer (R-NE),0,29
2932,Flake (R-AZ),0,29
2933,Gardner (R-CO),0,29
2934,Gillibrand (D-NY),1,29
2935,Graham (R-SC),0,29
2936,Grassley (R-IA),0,29
2937,Harris (D-CA),1,29
2938,Hassan (D-NH),1,29
2939,Hatch (R-UT),0,29
2940,Heinrich (D-NM),1,29
2941,Heitkamp (D-ND),1,29
2942,Heller (R-NV),0,29
2943,Hirono (D-HI),1,29
2944,Hoeven (R-ND),0,29
2945,Hyde-Smith (R-MS),0,29
2946,Inhofe (R-OK),0,29
2947,Isakson (R-GA),0,29
2948,Johnson (R-WI),0,29
2949,Jones (D-AL),1,29
2950,Kaine (D-VA),1,29
2951,Kennedy (R-LA),0,29
2952,King (I-ME),1,29
2953,Klobuchar (D-MN),1,29
2954,Lankford (R-OK),0,29
2955,Leahy (D-VT),1,29
2956,Lee (R-UT),0,29
2957,Manchin (D-WV),0,29
2958,Markey (D-MA),1,29
2959,McCain (R-AZ),2,29
2960,McCaskill (D-MO),1,29
2961,McConnell (R-KY),0,29
2962,Menendez (D-NJ),1,29
2963,Merkley (D-OR),1,29
2964,Moran (R-KS),0,29
2965,Murkowski (R-AK),0,29
2966,Murphy (D-CT),1,29
2967,Murray (D-WA),1,29
2968,Nelson (D-FL),1,29
2969,Paul (R-KY),0,29
2970,Perdue (R-GA),0,29
2971,Peters (D-MI),1,29
2972,Portman (R-OH),0,29
2973,Reed (D-RI),1,29
2974,Risch (R-ID),0,29
2975,Roberts (R-KS),0,29
2976,Rounds (R-SD),0,29
2977,Rubio (R-FL),0,29
2978,Sanders (I-VT),1,29
2979,Sasse (R-NE),0,29
2980,Schatz (D-HI),1,29
2981,Schumer (D-NY),1,29
2982,Scott (R-SC),0,29
2983,Shaheen (D-NH),1,29
2984,Shelby (R-AL),0,29
2985,Smith (D-MN),1,29
2986,Stabenow (D-MI),1,29
2987,Sullivan (R-AK),0,29
2988,Tester (D-MT),1,29
2989,Thune (R-SD),0,29
2990,Tillis (R-NC),0,29
2991,Toomey (R-PA),0,29
2992,Udall (D-NM),1,29
2993,Van Hollen (D-MD),1,29
2994,Warner (D-VA),1,29
2995,Warren (D-MA),1,29
2996,Whitehouse (D-RI),1,29
2997,Wicker (R-MS),0,29
2998,Wyden (D-OR),1,29
2999,Young (R-IN),0,29
3000,Alexander (R-TN),0,30
3001,Baldwin (D-WI),1,30
3002,Barrasso (R-WY),0,30
3003,Bennet (D-CO),1,30
3004,Blumenthal (D-CT),1,30
3005,Blunt (R-MO),0,30
3006,Booker (D-NJ),1,30
3007,Boozman (R-AR),0,30
3008,Brown (D-OH),1,30
3009,Burr (R-NC),0,30
3010,Cantwell (D-WA),1,30
3011,Capito (R-WV),0,30
3012,Cardin (D-MD),1,30
3013,Carper (D-DE),1,30
3014,Casey (D-PA),1,30
3015,Cassidy (R-LA),0,30
3016,Collins (R-ME),0,30
3017,Coons (D-DE),1,30
3018,Corker (R-TN),0,30
3019,Cornyn (R-TX),0,30
3020,Cortez Masto (D-NV),1,30
3021,Cotton (R-AR),0,30
3022,Crapo (R-ID),0,30
3023,Cruz (R-TX),0,30
3024,Daines (R-MT),0,30
3025,Donnelly (D-IN),1,30
3026,Duckworth (D-IL),2,30
3027,Durbin (D-IL),1,30
3028,Enzi (R-WY),0,30
3029,Ernst (R-IA),0,30
3030,Feinstein (D-CA),1,30
3031,Fischer (R-NE),0,30
3032,Flake (R-AZ),0,30
3033,Gardner (R-CO),0,30
3034,Gillibrand (D-NY),1,30
3035,Graham (R-SC),0,30
3036,Grassley (R-IA),0,30
3037,Harris (D-CA),1,30
3038,Hassan (D-NH),1,30
3039,Hatch (R-UT),0,30
3040,Heinrich (D-NM),1,30
3041,Heitkamp (D-ND),1,30
3042,Heller (R-NV),0,30
3043,Hirono (D-HI),1,30
3044,Hoeven (R-ND),0,30
3045,Hyde-Smith (R-MS),0,30
3046,Inhofe (R-OK),0,30
3047,Isakson (R-GA),0,30
3048,Johnson (R-WI),0,30
3049,Jones (D-AL),1,30
3050,Kaine (D-VA),1,30
3051,Kennedy (R-LA),0,30
3052,King (I-ME),1,30
3053,Klobuchar (D-MN),1,30
3054,Lankford (R-OK),0,30
3055,Leahy (D-VT),1,30
3056,Lee (R-UT),0,30
3057,Manchin (D-WV),0,30
3058,Markey (D-MA),1,30
3059,McCain (R-AZ),2,30
3060,McCaskill (D-MO),1,30
3061,McConnell (R-KY),0,30
3062,Menendez (D-NJ),1,30
3063,Merkley (D-OR),1,30
3064,Moran (R-KS),0,30
3065,Murkowski (R-AK),0,30
3066,Murphy (D-CT),1,30
3067,Murray (D-WA),1,30
3068,Nelson (D-FL),1,30
3069,Paul (R-KY),0,30
3070,Perdue (R-GA),0,30
3071,Peters (D-MI),1,30
3072,Portman (R-OH),0,30
3073,Reed (D-RI),1,30
3074,Risch (R-ID),0,30
3075,Roberts (R-KS),0,30
3076,Rounds (R-SD),0,30
3077,Rubio (R-FL),0,30
3078,Sanders (I-VT),1,30
3079,Sasse (R-NE),0,30
3080,Schatz (D-HI),1,30
3081,Schumer (D-NY),1,30
3082,Scott (R-SC),0,30
3083,Shaheen (D-NH),1,30
3084,Shelby (R-AL),0,30
3085,Smith (D-MN),1,30
3086,Stabenow (D-MI),1,30
3087,Sullivan (R-AK),0,30
3088,Tester (D-MT),1,30
3089,Thune (R-SD),0,30
3090,Tillis (R-NC),2,30
3091,Toomey (R-PA),0,30
3092,Udall (D-NM),1,30
3093,Van Hollen (D-MD),1,30
3094,Warner (D-VA),1,30
3095,Warren (D-MA),1,30
3096,Whitehouse (D-RI),1,30
3097,Wicker (R-MS),0,30
3098,Wyden (D-OR),1,30
3099,Young (R-IN),0,30
3100,Alexander (R-TN),0,31
3101,Baldwin (D-WI),0,31
3102,Barrasso (R-WY),0,31
3103,Bennet (D-CO),1,31
3104,Blumenthal (D-CT),1,31
3105,Blunt (R-MO),0,31
3106,Booker (D-NJ),1,31
3107,Boozman (R-AR),0,31
3108,Brown (D-OH),1,31
3109,Burr (R-NC),0,31
3110,Cantwell (D-WA),1,31
3111,Capito (R-WV),0,31
3112,Cardin (D-MD),1,31
3113,Carper (D-DE),1,31
3114,Casey (D-PA),1,31
3115,Cassidy (R-LA),0,31
3116,Collins (R-ME),0,31
3117,Coons (D-DE),1,31
3118,Corker (R-TN),0,31
3119,Cornyn (R-TX),0,31
3120,Cortez Masto (D-NV),1,31
3121,Cotton (R-AR),0,31
3122,Crapo (R-ID),0,31
3123,Cruz (R-TX),0,31
3124,Daines (R-MT),0,31
3125,Donnelly (D-IN),1,31
3126,Duckworth (D-IL),2,31
3127,Durbin (D-IL),1,31
3128,Enzi (R-WY),0,31
3129,Ernst (R-IA),0,31
3130,Feinstein (D-CA),1,31
3131,Fischer (R-NE),0,31
3132,Flake (R-AZ),0,31
3133,Gardner (R-CO),0,31
3134,Gillibrand (D-NY),1,31
3135,Graham (R-SC),0,31
3136,Grassley (R-IA),0,31
3137,Harris (D-CA),1,31
3138,Hassan (D-NH),1,31
3139,Hatch (R-UT),0,31
3140,Heinrich (D-NM),0,31
3141,Heitkamp (D-ND),0,31
3142,Heller (R-NV),0,31
3143,Hirono (D-HI),1,31
3144,Hoeven (R-ND),0,31
3145,Hyde-Smith (R-MS),0,31
3146,Inhofe (R-OK),0,31
3147,Isakson (R-GA),0,31
3148,Johnson (R-WI),0,31
3149,Jones (D-AL),1,31
3150,Kaine (D-VA),0,31
3151,Kennedy (R-LA),0,31
3152,King (I-ME),0,31
3153,Klobuchar (D-MN),1,31
3154,Lankford (R-OK),0,31
3155,Leahy (D-VT),1,31
3156,Lee (R-UT),0,31
3157,Manchin (D-WV),1,31
3158,Markey (D-MA),1,31
3159,McCain (R-AZ),2,31
3160,McCaskill (D-MO),1,31
3161,McConnell (R-KY),0,31
3162,Menendez (D-NJ),1,31
3163,Merkley (D-OR),1,31
3164,Moran (R-KS),0,31
3165,Murkowski (R-AK),0,31
3166,Murphy (D-CT),1,31
3167,Murray (D-WA),1,31
3168,Nelson (D-FL),1,31
3169,Paul (R-KY),0,31
3170,Perdue (R-GA),0,31
3171,Peters (D-MI),1,31
3172,Portman (R-OH),1,31
3173,Reed (D-RI),1,31
3174,Risch (R-ID),0,31
3175,Roberts (R-KS),0,31
3176,Rounds (R-SD),0,31
3177,Rubio (R-FL),2,31
3178,Sanders (I-VT),1,31
3179,Sasse (R-NE),0,31
3180,Schatz (D-HI),1,31
3181,Schumer (D-NY),1,31
3182,Scott (R-SC),0,31
3183,Shaheen (D-NH),1,31
3184,Shelby (R-AL),0,31
3185,Smith (D-MN),1,31
3186,Stabenow (D-MI),1,31
3187,Sullivan (R-AK),0,31
3188,Tester (D-MT),0,31
3189,Thune (R-SD),0,31
3190,Tillis (R-NC),2,31
3191,Toomey (R-PA),0,31
3192,Udall (D-NM),0,31
3193,Van Hollen (D-MD),1,31
3194,Warner (D-VA),0,31
3195,Warren (D-MA),1,31
3196,Whitehouse (D-RI),1,31
3197,Wicker (R-MS),0,31
3198,Wyden (D-OR),1,31
3199,Young (R-IN),0,31
3200,Alexander (R-TN),0,32
3201,Baldwin (D-WI),1,32
3202,Barrasso (R-WY),0,32
3203,Bennet (D-CO),1,32
3204,Blumenthal (D-CT),1,32
3205,Blunt (R-MO),0,32
3206,Booker (D-NJ),1,32
3207,Boozman (R-AR),0,32
3208,Brown (D-OH),1,32
3209,Burr (R-NC),0,32
3210,Cantwell (D-WA),1,32
3211,Capito (R-WV),0,32
3212,Cardin (D-MD),1,32
3213,Carper (D-DE),1,32
3214,Casey (D-PA),1,32
3215,Cassidy (R-LA),0,32
3216,Cochran (R-MS),0,32
3217,Collins (R-ME),1,32
3218,Coons (D-DE),0,32
3219,Corker (R-TN),0,32
3220,Cornyn (R-TX),0,32
3221,Cortez Masto (D-NV),0,32
3222,Cotton (R-AR),0,32
3223,Crapo (R-ID),0,32
3224,Cruz (R-TX),0,32
3225,Daines (R-MT),1,32
3226,Donnelly (D-IN),0,32
3227,Duckworth (D-IL),1,32
3228,Durbin (D-IL),1,32
3229,Enzi (R-WY),0,32
3230,Ernst (R-IA),0,32
3231,Feinstein (D-CA),1,32
3232,Fischer (R-NE),0,32
3233,Flake (R-AZ),0,32
3234,Gardner (R-CO),0,32
3235,Gillibrand (D-NY),1,32
3236,Graham (R-SC),0,32
3237,Grassley (R-IA),0,32
3238,Harris (D-CA),1,32
3239,Hassan (D-NH),1,32
3240,Hatch (R-UT),0,32
3241,Heinrich (D-NM),1,32
3242,Heitkamp (D-ND),0,32
3243,Heller (R-NV),0,32
3244,Hirono (D-HI),1,32
3245,Hoeven (R-ND),0,32
3246,Inhofe (R-OK),0,32
3247,Isakson (R-GA),0,32
3248,Johnson (R-WI),0,32
3249,Jones (D-AL),0,32
3250,Kaine (D-VA),1,32
3251,Kennedy (R-LA),0,32
3252,King (I-ME),1,32
3253,Klobuchar (D-MN),1,32
3254,Lankford (R-OK),0,32
3255,Leahy (D-VT),1,32
3256,Lee (R-UT),1,32
3257,Manchin (D-WV),0,32
3258,Markey (D-MA),1,32
3259,McCain (R-AZ),2,32
3260,McCaskill (D-MO),1,32
3261,McConnell (R-KY),0,32
3262,Menendez (D-NJ),0,32
3263,Merkley (D-OR),1,32
3264,Moran (R-KS),1,32
3265,Murkowski (R-AK),0,32
3266,Murphy (D-CT),1,32
3267,Murray (D-WA),1,32
3268,Nelson (D-FL),0,32
3269,Paul (R-KY),1,32
3270,Perdue (R-GA),0,32
3271,Peters (D-MI),1,32
3272,Portman (R-OH),0,32
3273,Reed (D-RI),0,32
3274,Risch (R-ID),0,32
3275,Roberts (R-KS),0,32
3276,Rounds (R-SD),0,32
3277,Rubio (R-FL),0,32
3278,Sanders (I-VT),1,32
3279,Sasse (R-NE),0,32
3280,Schatz (D-HI),1,32
3281,Schumer (D-NY),1,32
3282,Scott (R-SC),0,32
3283,Shaheen (D-NH),1,32
3284,Shelby (R-AL),0,32
3285,Smith (D-MN),1,32
3286,Stabenow (D-MI),1,32
3287,Sullivan (R-AK),0,32
3288,Tester (D-MT),1,32
3289,Thune (R-SD),0,32
3290,Tillis (R-NC),0,32
3291,Toomey (R-PA),0,32
3292,Udall (D-NM),1,32
3293,Van Hollen (D-MD),1,32
3294,Warner (D-VA),1,32
3295,Warren (D-MA),1,32
3296,Whitehouse (D-RI),0,32
3297,Wicker (R-MS),0,32
3298,Wyden (D-OR),1,32
3299,Young (R-IN),0,32
3300,Alexander (R-TN),0,33
3301,Baldwin (D-WI),1,33
3302,Barrasso (R-WY),0,33
3303,Bennet (D-CO),0,33
3304,Blumenthal (D-CT),1,33
3305,Blunt (R-MO),0,33
3306,Booker (D-NJ),1,33
3307,Boozman (R-AR),0,33
3308,Brown (D-OH),1,33
3309,Burr (R-NC),0,33
3310,Cantwell (D-WA),1,33
3311,Capito (R-WV),0,33
3312,Cardin (D-MD),1,33
3313,Carper (D-DE),0,33
3314,Casey (D-PA),1,33
3315,Cassidy (R-LA),0,33
3316,Cochran (R-MS),0,33
3317,Collins (R-ME),0,33
3318,Coons (D-DE),0,33
3319,Corker (R-TN),0,33
3320,Cornyn (R-TX),0,33
3321,Cortez Masto (D-NV),1,33
3322,Cotton (R-AR),0,33
3323,Crapo (R-ID),0,33
3324,Cruz (R-TX),0,33
3325,Daines (R-MT),0,33
3326,Donnelly (D-IN),0,33
3327,Duckworth (D-IL),1,33
3328,Durbin (D-IL),1,33
3329,Enzi (R-WY),0,33
3330,Ernst (R-IA),0,33
3331,Feinstein (D-CA),1,33
3332,Fischer (R-NE),0,33
3333,Flake (R-AZ),0,33
3334,Gardner (R-CO),0,33
3335,Gillibrand (D-NY),1,33
3336,Graham (R-SC),0,33
3337,Grassley (R-IA),0,33
3338,Harris (D-CA),1,33
3339,Hassan (D-NH),0,33
3340,Hatch (R-UT),0,33
3341,Heinrich (D-NM),2,33
3342,Heitkamp (D-ND),0,33
3343,Heller (R-NV),0,33
3344,Hirono (D-HI),1,33
3345,Hoeven (R-ND),0,33
3346,Inhofe (R-OK),0,33
3347,Isakson (R-GA),0,33
3348,Johnson (R-WI),0,33
3349,Jones (D-AL),0,33
3350,Kaine (D-VA),0,33
3351,Kennedy (R-LA),0,33
3352,King (I-ME),0,33
3353,Klobuchar (D-MN),1,33
3354,Lankford (R-OK),0,33
3355,Leahy (D-VT),1,33
3356,Lee (R-UT),0,33
3357,Manchin (D-WV),0,33
3358,Markey (D-MA),1,33
3359,McCain (R-AZ),2,33
3360,McCaskill (D-MO),0,33
3361,McConnell (R-KY),0,33
3362,Menendez (D-NJ),1,33
3363,Merkley (D-OR),1,33
3364,Moran (R-KS),0,33
3365,Murkowski (R-AK),0,33
3366,Murphy (D-CT),1,33
3367,Murray (D-WA),1,33
3368,Nelson (D-FL),0,33
3369,Paul (R-KY),0,33
3370,Perdue (R-GA),0,33
3371,Peters (D-MI),0,33
3372,Portman (R-OH),0,33
3373,Reed (D-RI),1,33
3374,Risch (R-ID),0,33
3375,Roberts (R-KS),0,33
3376,Rounds (R-SD),0,33
3377,Rubio (R-FL),0,33
3378,Sanders (I-VT),1,33
3379,Sasse (R-NE),0,33
3380,Schatz (D-HI),1,33
3381,Schumer (D-NY),1,33
3382,Scott (R-SC),0,33
3383,Shaheen (D-NH),0,33
3384,Shelby (R-AL),0,33
3385,Smith (D-MN),1,33
3386,Stabenow (D-MI),0,33
3387,Sullivan (R-AK),0,33
3388,Tester (D-MT),0,33
3389,Thune (R-SD),0,33
3390,Tillis (R-NC),0,33
3391,Toomey (R-PA),0,33
3392,Udall (D-NM),1,33
3393,Van Hollen (D-MD),1,33
3394,Warner (D-VA),0,33
3395,Warren (D-MA),1,33
3396,Whitehouse (D-RI),1,33
3397,Wicker (R-MS),0,33
3398,Wyden (D-OR),1,33
3399,Young (R-IN),0,33
3400,Alexander (R-TN),0,34
3401,Baldwin (D-WI),1,34
3402,Barrasso (R-WY),0,34
3403,Bennet (D-CO),0,34
3404,Blumenthal (D-CT),1,34
3405,Blunt (R-MO),0,34
3406,Booker (D-NJ),1,34
3407,Boozman (R-AR),0,34
3408,Brown (D-OH),1,34
3409,Burr (R-NC),0,34
3410,Cantwell (D-WA),1,34
3411,Capito (R-WV),0,34
3412,Cardin (D-MD),1,34
3413,Carper (D-DE),0,34
3414,Casey (D-PA),1,34
3415,Cassidy (R-LA),0,34
3416,Cochran (R-MS),0,34
3417,Collins (R-ME),0,34
3418,Coons (D-DE),0,34
3419,Corker (R-TN),0,34
3420,Cornyn (R-TX),0,34
3421,Cortez Masto (D-NV),1,34
3422,Cotton (R-AR),0,34
3423,Crapo (R-ID),0,34
3424,Cruz (R-TX),0,34
3425,Daines (R-MT),0,34
3426,Donnelly (D-IN),0,34
3427,Duckworth (D-IL),1,34
3428,Durbin (D-IL),1,34
3429,Enzi (R-WY),0,34
3430,Ernst (R-IA),0,34
3431,Feinstein (D-CA),1,34
3432,Fischer (R-NE),0,34
3433,Flake (R-AZ),0,34
3434,Gardner (R-CO),0,34
3435,Gillibrand (D-NY),1,34
3436,Graham (R-SC),0,34
3437,Grassley (R-IA),0,34
3438,Harris (D-CA),1,34
3439,Hassan (D-NH),0,34
3440,Hatch (R-UT),0,34
3441,Heinrich (D-NM),2,34
3442,Heitkamp (D-ND),0,34
3443,Heller (R-NV),0,34
3444,Hirono (D-HI),1,34
3445,Hoeven (R-ND),0,34
3446,Inhofe (R-OK),0,34
3447,Isakson (R-GA),0,34
3448,Johnson (R-WI),0,34
3449,Jones (D-AL),0,34
3450,Kaine (D-VA),0,34
3451,Kennedy (R-LA),0,34
3452,King (I-ME),0,34
3453,Klobuchar (D-MN),1,34
3454,Lankford (R-OK),0,34
3455,Leahy (D-VT),1,34
3456,Lee (R-UT),0,34
3457,Manchin (D-WV),0,34
3458,Markey (D-MA),1,34
3459,McCain (R-AZ),2,34
3460,McCaskill (D-MO),0,34
3461,McConnell (R-KY),0,34
3462,Menendez (D-NJ),1,34
3463,Merkley (D-OR),1,34
3464,Moran (R-KS),0,34
3465,Murkowski (R-AK),0,34
3466,Murphy (D-CT),1,34
3467,Murray (D-WA),1,34
3468,Nelson (D-FL),0,34
3469,Paul (R-KY),0,34
3470,Perdue (R-GA),0,34
3471,Peters (D-MI),0,34
3472,Portman (R-OH),0,34
3473,Reed (D-RI),1,34
3474,Risch (R-ID),0,34
3475,Roberts (R-KS),0,34
3476,Rounds (R-SD),0,34
3477,Rubio (R-FL),0,34
3478,Sanders (I-VT),1,34
3479,Sasse (R-NE),0,34
3480,Schatz (D-HI),1,34
3481,Schumer (D-NY),1,34
3482,Scott (R-SC),0,34
3483,Shaheen (D-NH),0,34
3484,Shelby (R-AL),0,34
3485,Smith (D-MN),1,34
3486,Stabenow (D-MI),0,34
3487,Sullivan (R-AK),0,34
3488,Tester (D-MT),0,34
3489,Thune (R-SD),0,34
3490,Tillis (R-NC),0,34
3491,Toomey (R-PA),0,34
3492,Udall (D-NM),1,34
3493,Van Hollen (D-MD),1,34
3494,Warner (D-VA),0,34
3495,Warren (D-MA),1,34
3496,Whitehouse (D-RI),1,34
3497,Wicker (R-MS),0,34
3498,Wyden (D-OR),1,34
3499,Young (R-IN),0,34
3500,Alexander (R-TN),0,35
3501,Baldwin (D-WI),2,35
3502,Barrasso (R-WY),0,35
3503,Bennet (D-CO),1,35
3504,Blumenthal (D-CT),1,35
3505,Blunt (R-MO),0,35
3506,Booker (D-NJ),1,35
3507,Boozman (R-AR),0,35
3508,Brown (D-OH),1,35
3509,Burr (R-NC),0,35
3510,Cantwell (D-WA),1,35
3511,Capito (R-WV),0,35
3512,Cardin (D-MD),1,35
3513,Carper (D-DE),1,35
3514,Casey (D-PA),0,35
3515,Cassidy (R-LA),0,35
3516,Cochran (R-MS),0,35
3517,Collins (R-ME),1,35
3518,Coons (D-DE),1,35
3519,Corker (R-TN),0,35
3520,Cornyn (R-TX),0,35
3521,Cortez Masto (D-NV),1,35
3522,Cotton (R-AR),0,35
3523,Crapo (R-ID),0,35
3524,Cruz (R-TX),0,35
3525,Daines (R-MT),0,35
3526,Donnelly (D-IN),0,35
3527,Duckworth (D-IL),1,35
3528,Durbin (D-IL),1,35
3529,Enzi (R-WY),0,35
3530,Ernst (R-IA),0,35
3531,Feinstein (D-CA),1,35
3532,Fischer (R-NE),0,35
3533,Flake (R-AZ),0,35
3534,Gardner (R-CO),0,35
3535,Gillibrand (D-NY),1,35
3536,Graham (R-SC),0,35
3537,Grassley (R-IA),0,35
3538,Harris (D-CA),1,35
3539,Hassan (D-NH),1,35
3540,Hatch (R-UT),0,35
3541,Heinrich (D-NM),1,35
3542,Heitkamp (D-ND),1,35
3543,Heller (R-NV),0,35
3544,Hirono (D-HI),1,35
3545,Hoeven (R-ND),0,35
3546,Inhofe (R-OK),0,35
3547,Isakson (R-GA),0,35
3548,Johnson (R-WI),0,35
3549,Jones (D-AL),1,35
3550,Kaine (D-VA),1,35
3551,Kennedy (R-LA),0,35
3552,King (I-ME),1,35
3553,Klobuchar (D-MN),1,35
3554,Lankford (R-OK),0,35
3555,Leahy (D-VT),1,35
3556,Lee (R-UT),0,35
3557,Manchin (D-WV),0,35
3558,Markey (D-MA),1,35
3559,McCain (R-AZ),2,35
3560,McCaskill (D-MO),1,35
3561,McConnell (R-KY),0,35
3562,Menendez (D-NJ),1,35
3563,Merkley (D-OR),1,35
3564,Moran (R-KS),0,35
3565,Murkowski (R-AK),1,35
3566,Murphy (D-CT),1,35
3567,Murray (D-WA),1,35
3568,Nelson (D-FL),2,35
3569,Paul (R-KY),0,35
3570,Perdue (R-GA),0,35
3571,Peters (D-MI),1,35
3572,Portman (R-OH),0,35
3573,Reed (D-RI),1,35
3574,Risch (R-ID),0,35
3575,Roberts (R-KS),0,35
3576,Rounds (R-SD),0,35
3577,Rubio (R-FL),0,35
3578,Sanders (I-VT),1,35
3579,Sasse (R-NE),0,35
3580,Schatz (D-HI),1,35
3581,Schumer (D-NY),1,35
3582,Scott (R-SC),0,35
3583,Shaheen (D-NH),1,35
3584,Shelby (R-AL),0,35
3585,Smith (D-MN),1,35
3586,Stabenow (D-MI),1,35
3587,Sullivan (R-AK),0,35
3588,Tester (D-MT),1,35
3589,Thune (R-SD),0,35
3590,Tillis (R-NC),0,35
3591,Toomey (R-PA),0,35
3592,Udall (D-NM),1,35
3593,Van Hollen (D-MD),1,35
3594,Warner (D-VA),1,35
3595,Warren (D-MA),1,35
3596,Whitehouse (D-RI),1,35
3597,Wicker (R-MS),0,35
3598,Wyden (D-OR),1,35
3599,Young (R-IN),0,35
3600,Alexander (R-TN),0,36
3601,Baldwin (D-WI),1,36
3602,Barrasso (R-WY),0,36
3603,Bennet (D-CO),1,36
3604,Blumenthal (D-CT),1,36
3605,Blunt (R-MO),0,36
3606,Booker (D-NJ),1,36
3607,Boozman (R-AR),0,36
3608,Brown (D-OH),1,36
3609,Burr (R-NC),0,36
3610,Cantwell (D-WA),1,36
3611,Capito (R-WV),0,36
3612,Cardin (D-MD),1,36
3613,Carper (D-DE),0,36
3614,Casey (D-PA),0,36
3615,Cassidy (R-LA),0,36
3616,Cochran (R-MS),0,36
3617,Collins (R-ME),0,36
3618,Coons (D-DE),1,36
3619,Corker (R-TN),0,36
3620,Cornyn (R-TX),0,36
3621,Cortez Masto (D-NV),0,36
3622,Cotton (R-AR),0,36
3623,Crapo (R-ID),0,36
3624,Cruz (R-TX),0,36
3625,Daines (R-MT),1,36
3626,Donnelly (D-IN),0,36
3627,Duckworth (D-IL),0,36
3628,Durbin (D-IL),1,36
3629,Enzi (R-WY),0,36
3630,Ernst (R-IA),0,36
3631,Feinstein (D-CA),0,36
3632,Fischer (R-NE),0,36
3633,Flake (R-AZ),0,36
3634,Gardner (R-CO),1,36
3635,Gillibrand (D-NY),1,36
3636,Graham (R-SC),0,36
3637,Grassley (R-IA),0,36
3638,Harris (D-CA),1,36
3639,Hassan (D-NH),0,36
3640,Hatch (R-UT),0,36
3641,Heinrich (D-NM),1,36
3642,Heitkamp (D-ND),0,36
3643,Heller (R-NV),1,36
3644,Hirono (D-HI),1,36
3645,Hoeven (R-ND),0,36
3646,Inhofe (R-OK),0,36
3647,Isakson (R-GA),0,36
3648,Johnson (R-WI),0,36
3649,Jones (D-AL),0,36
3650,Kaine (D-VA),0,36
3651,Kennedy (R-LA),0,36
3652,King (I-ME),0,36
3653,Klobuchar (D-MN),0,36
3654,Lankford (R-OK),0,36
3655,Leahy (D-VT),1,36
3656,Lee (R-UT),1,36
3657,Manchin (D-WV),0,36
3658,Markey (D-MA),1,36
3659,McCain (R-AZ),2,36
3660,McCaskill (D-MO),0,36
3661,McConnell (R-KY),0,36
3662,Menendez (D-NJ),1,36
3663,Merkley (D-OR),1,36
3664,Moran (R-KS),0,36
3665,Murkowski (R-AK),1,36
3666,Murphy (D-CT),1,36
3667,Murray (D-WA),1,36
3668,Nelson (D-FL),0,36
3669,Paul (R-KY),1,36
3670,Perdue (R-GA),0,36
3671,Peters (D-MI),0,36
3672,Portman (R-OH),0,36
3673,Reed (D-RI),0,36
3674,Risch (R-ID),0,36
3675,Roberts (R-KS),0,36
3676,Rounds (R-SD),0,36
3677,Rubio (R-FL),0,36
3678,Sanders (I-VT),1,36
3679,Sasse (R-NE),0,36
3680,Schatz (D-HI),1,36
3681,Schumer (D-NY),0,36
3682,Scott (R-SC),0,36
3683,Shaheen (D-NH),0,36
3684,Shelby (R-AL),0,36
3685,Smith (D-MN),1,36
3686,Stabenow (D-MI),0,36
3687,Sullivan (R-AK),1,36
3688,Tester (D-MT),1,36
3689,Thune (R-SD),0,36
3690,Tillis (R-NC),0,36
3691,Toomey (R-PA),0,36
3692,Udall (D-NM),1,36
3693,Van Hollen (D-MD),1,36
3694,Warner (D-VA),0,36
3695,Warren (D-MA),1,36
3696,Whitehouse (D-RI),0,36
3697,Wicker (R-MS),0,36
3698,Wyden (D-OR),1,36
3699,Young (R-IN),0,36
3700,Alexander (R-TN),0,37
3701,Baldwin (D-WI),1,37
3702,Barrasso (R-WY),0,37
3703,Bennet (D-CO),1,37
3704,Blumenthal (D-CT),1,37
3705,Blunt (R-MO),0,37
3706,Booker (D-NJ),1,37
3707,Boozman (R-AR),0,37
3708,Brown (D-OH),1,37
3709,Burr (R-NC),0,37
3710,Cantwell (D-WA),1,37
3711,Capito (R-WV),0,37
3712,Cardin (D-MD),1,37
3713,Carper (D-DE),0,37
3714,Casey (D-PA),0,37
3715,Cassidy (R-LA),0,37
3716,Cochran (R-MS),0,37
3717,Collins (R-ME),0,37
3718,Coons (D-DE),1,37
3719,Corker (R-TN),0,37
3720,Cornyn (R-TX),0,37
3721,Cortez Masto (D-NV),0,37
3722,Cotton (R-AR),0,37
3723,Crapo (R-ID),0,37
3724,Cruz (R-TX),1,37
3725,Daines (R-MT),1,37
3726,Donnelly (D-IN),0,37
3727,Duckworth (D-IL),0,37
3728,Durbin (D-IL),1,37
3729,Enzi (R-WY),0,37
3730,Ernst (R-IA),0,37
3731,Feinstein (D-CA),0,37
3732,Fischer (R-NE),0,37
3733,Flake (R-AZ),0,37
3734,Gardner (R-CO),1,37
3735,Gillibrand (D-NY),1,37
3736,Graham (R-SC),0,37
3737,Grassley (R-IA),0,37
3738,Harris (D-CA),1,37
3739,Hassan (D-NH),0,37
3740,Hatch (R-UT),0,37
3741,Heinrich (D-NM),1,37
3742,Heitkamp (D-ND),0,37
3743,Heller (R-NV),1,37
3744,Hirono (D-HI),1,37
3745,Hoeven (R-ND),0,37
3746,Inhofe (R-OK),0,37
3747,Isakson (R-GA),0,37
3748,Johnson (R-WI),0,37
3749,Jones (D-AL),0,37
3750,Kaine (D-VA),1,37
3751,Kennedy (R-LA),0,37
3752,King (I-ME),0,37
3753,Klobuchar (D-MN),0,37
3754,Lankford (R-OK),0,37
3755,Leahy (D-VT),1,37
3756,Lee (R-UT),1,37
3757,Manchin (D-WV),0,37
3758,Markey (D-MA),1,37
3759,McCain (R-AZ),2,37
3760,McCaskill (D-MO),0,37
3761,McConnell (R-KY),0,37
3762,Menendez (D-NJ),1,37
3763,Merkley (D-OR),1,37
3764,Moran (R-KS),1,37
3765,Murkowski (R-AK),1,37
3766,Murphy (D-CT),1,37
3767,Murray (D-WA),1,37
3768,Nelson (D-FL),0,37
3769,Paul (R-KY),1,37
3770,Perdue (R-GA),0,37
3771,Peters (D-MI),0,37
3772,Portman (R-OH),0,37
3773,Reed (D-RI),0,37
3774,Risch (R-ID),0,37
3775,Roberts (R-KS),0,37
3776,Rounds (R-SD),0,37
3777,Rubio (R-FL),0,37
3778,Sanders (I-VT),1,37
3779,Sasse (R-NE),0,37
3780,Schatz (D-HI),1,37
3781,Schumer (D-NY),1,37
3782,Scott (R-SC),0,37
3783,Shaheen (D-NH),0,37
3784,Shelby (R-AL),0,37
3785,Smith (D-MN),1,37
3786,Stabenow (D-MI),1,37
3787,Sullivan (R-AK),2,37
3788,Tester (D-MT),1,37
3789,Thune (R-SD),0,37
3790,Tillis (R-NC),0,37
3791,Toomey (R-PA),0,37
3792,Udall (D-NM),1,37
3793,Van Hollen (D-MD),1,37
3794,Warner (D-VA),0,37
3795,Warren (D-MA),1,37
3796,Whitehouse (D-RI),0,37
3797,Wicker (R-MS),0,37
3798,Wyden (D-OR),1,37
3799,Young (R-IN),0,37
3800,Alexander (R-TN),2,38
3801,Baldwin (D-WI),1,38
3802,Barrasso (R-WY),0,38
3803,Bennet (D-CO),0,38
3804,Blumenthal (D-CT),0,38
3805,Blunt (R-MO),0,38
3806,Booker (D-NJ),2,38
3807,Boozman (R-AR),0,38
3808,Brown (D-OH),1,38
3809,Burr (R-NC),0,38
3810,Cantwell (D-WA),1,38
3811,Capito (R-WV),0,38
3812,Cardin (D-MD),0,38
3813,Carper (D-DE),0,38
3814,Casey (D-PA),0,38
3815,Cassidy (R-LA),0,38
3816,Cochran (R-MS),0,38
3817,Collins (R-ME),0,38
3818,Coons (D-DE),1,38
3819,Corker (R-TN),0,38
3820,Cornyn (R-TX),0,38
3821,Cortez Masto (D-NV),0,38
3822,Cotton (R-AR),0,38
3823,Crapo (R-ID),0,38
3824,Cruz (R-TX),0,38
3825,Daines (R-MT),1,38
3826,Donnelly (D-IN),0,38
3827,Duckworth (D-IL),0,38
3828,Durbin (D-IL),1,38
3829,Enzi (R-WY),0,38
3830,Ernst (R-IA),0,38
3831,Feinstein (D-CA),0,38
3832,Fischer (R-NE),0,38
3833,Flake (R-AZ),0,38
3834,Gardner (R-CO),1,38
3835,Gillibrand (D-NY),1,38
3836,Graham (R-SC),0,38
3837,Grassley (R-IA),0,38
3838,Harris (D-CA),1,38
3839,Hassan (D-NH),0,38
3840,Hatch (R-UT),0,38
3841,Heinrich (D-NM),1,38
3842,Heitkamp (D-ND),0,38
3843,Heller (R-NV),2,38
3844,Hirono (D-HI),1,38
3845,Hoeven (R-ND),0,38
3846,Inhofe (R-OK),0,38
3847,Isakson (R-GA),0,38
3848,Johnson (R-WI),0,38
3849,Jones (D-AL),0,38
3850,Kaine (D-VA),0,38
3851,Kennedy (R-LA),0,38
3852,King (I-ME),0,38
3853,Klobuchar (D-MN),0,38
3854,Lankford (R-OK),0,38
3855,Leahy (D-VT),1,38
3856,Lee (R-UT),1,38
3857,Manchin (D-WV),0,38
3858,Markey (D-MA),1,38
3859,McCain (R-AZ),2,38
3860,McCaskill (D-MO),0,38
3861,McConnell (R-KY),0,38
3862,Menendez (D-NJ),1,38
3863,Merkley (D-OR),1,38
3864,Moran (R-KS),1,38
3865,Murkowski (R-AK),0,38
3866,Murphy (D-CT),0,38
3867,Murray (D-WA),1,38
3868,Nelson (D-FL),0,38
3869,Paul (R-KY),1,38
3870,Perdue (R-GA),0,38
3871,Peters (D-MI),0,38
3872,Portman (R-OH),0,38
3873,Reed (D-RI),0,38
3874,Risch (R-ID),0,38
3875,Roberts (R-KS),0,38
3876,Rounds (R-SD),0,38
3877,Rubio (R-FL),0,38
3878,Sanders (I-VT),1,38
3879,Sasse (R-NE),0,38
3880,Schatz (D-HI),1,38
3881,Schumer (D-NY),0,38
3882,Scott (R-SC),0,38
3883,Shaheen (D-NH),0,38
3884,Shelby (R-AL),0,38
3885,Smith (D-MN),1,38
3886,Stabenow (D-MI),0,38
3887,Sullivan (R-AK),0,38
3888,Tester (D-MT),1,38
3889,Thune (R-SD),0,38
3890,Tillis (R-NC),0,38
3891,Toomey (R-PA),2,38
3892,Udall (D-NM),1,38
3893,Van Hollen (D-MD),1,38
3894,Warner (D-VA),0,38
3895,Warren (D-MA),1,38
3896,Whitehouse (D-RI),0,38
3897,Wicker (R-MS),0,38
3898,Wyden (D-OR),1,38
3899,Young (R-IN),0,38
